family	suite_harness	kani_harness	rc	wall_s	verdict	status	kaniraw_new
uuid	eq_uuid_cmp	proofs::eq_uuid_cmp	0	3	VERIFICATION:- SUCCESSFUL	RAN	1
uuid	eq_uuid_eq	proofs::eq_uuid_eq	0	3	VERIFICATION:- SUCCESSFUL	RAN	1
uuid	eq_uuid_ge	proofs::eq_uuid_ge	0	2	VERIFICATION:- SUCCESSFUL	RAN	1
uuid	eq_uuid_gt	proofs::eq_uuid_gt	0	2	VERIFICATION:- SUCCESSFUL	RAN	1
uuid	eq_uuid_le	proofs::eq_uuid_le	0	2	VERIFICATION:- SUCCESSFUL	RAN	1
uuid	eq_uuid_lt	proofs::eq_uuid_lt	0	3	VERIFICATION:- SUCCESSFUL	RAN	1
uuid	eq_uuid_ne	proofs::eq_uuid_ne	0	4	VERIFICATION:- SUCCESSFUL	RAN	1
uuid	eq_uuid_out	proofs::eq_uuid_out	0	13	VERIFICATION:- SUCCESSFUL	RAN	1
uuid	proofs::eq_uuid_extract_timestamp	proofs::eq_uuid_extract_timestamp	0	5	VERIFICATION:- SUCCESSFUL	RAN	1
uuid	proofs::eq_uuid_extract_version	proofs::eq_uuid_extract_version	0	2	VERIFICATION:- SUCCESSFUL	RAN	1
uuid	proofs::eq_uuid_hash	proofs::eq_uuid_hash	0	6	VERIFICATION:- SUCCESSFUL	RAN	1
uuid	proofs::eq_uuid_hash_extended	proofs::eq_uuid_hash_extended	0	14	VERIFICATION:- SUCCESSFUL	RAN	1
uuid	wave5::eq_generate_uuidv7	wave5::eq_generate_uuidv7	0	5	VERIFICATION:- SUCCESSFUL	RAN	1
