family	harness	wall_s
network	arith_proofs::eq_inetpl_v4	10
network	arith_proofs::eq_inetmi_int8_v4	20
network	arith_proofs::eq_inetmi_int8_v6	20
network	ntop_spot_proofs::spot_cidr_out_v4_full	10
network	arith_proofs::eq_inetpl_v6	20
network	ntop_spot_proofs::spot_cidr_abbrev_v4_partial	20
network	ntop_spot_proofs::spot_cidr_abbrev_v4_zero	20
network	ntop_spot_proofs::spot_cidr_abbrev_v6_v4mapped	20
network	ntop_spot_proofs::spot_cidr_abbrev_v6_words	20
network	ntop_spot_proofs::spot_cidr_abbrev_v6_zero	20
network	ntop_spot_proofs::spot_cidr_out_v4_mask	10
network	ntop_spot_proofs::spot_cidr_out_v6_mask	10
network	ntop_spot_proofs::spot_inet_abbrev_v4	10
network	ntop_spot_proofs::spot_inet_abbrev_v6	10
network	ntop_spot_proofs::spot_inet_out_v4_full	10
network	ntop_spot_proofs::spot_inet_out_v4_mask	10
network	ntop_spot_proofs::spot_inet_out_v6_compress	10
network	ntop_spot_proofs::spot_network_host_v4	10
network	ntop_spot_proofs::spot_network_show_v4	10
network	ntop_spot_proofs::spot_network_show_v6	10
network	ntop_spot_proofs::spot_inet_out_v6_v4mapped	20
network	ntop_spot_proofs::spot_network_host_v6	20
jsonb-gin	proofs::eq_strategy_constants	50
jsonb-gin	proofs::eq_triconsistent_jsonb_contains	50
jsonb-gin	proofs::eq_triconsistent_jsonb_exists_all	50
jsonb-gin	proofs::eq_triconsistent_jsonb_exists	50
jsonb-gin	proofs::eq_triconsistent_jsonb_path_contains	50
jsonb-gin	proofs::eq_triconsistent_jsonb_exists_any	50
numeric-probe	proofs::eq_in_range_base_nan	20
numeric-probe	proofs::cover_numeric_min_scale_regimes	30
numeric-probe	proofs::eq_in_range_err_neg_long	20
numeric-probe	proofs::eq_in_range_err_neg_short	20
numeric-probe	proofs::eq_in_range_err_ninf	20
numeric-probe	proofs::eq_in_range_off_pinf	20
numeric-probe	proofs::eq_in_range_base_ninf	30
numeric-probe	proofs::eq_in_range_base_pinf	30
numeric-probe	proofs::eq_in_range_spot_cancel	20
numeric-probe	proofs::eq_in_range_val_ninf	20
numeric-probe	proofs::eq_in_range_val_pinf	30
numeric-probe	proofs::eq_in_range_spot_borrow	50
numeric-probe	proofs::eq_numeric_min_scale_nd4	30
numeric-probe	proofs::eq_in_range_spot_neg_base	40
numeric-probe	proofs::eq_in_range_spot_carry	50
numeric-probe	proofs::eq_in_range_spot_zero_off_sub	50
oracle-compat	proofs::eq_anychar_typmodout_band	70
numeric-probe	proofs::cover_numeric_trim_scale_regimes	150
oracle-compat	proofs::eq_lpad_err_plane	100
numeric-probe	proofs::eq_numeric_trim_scale_nd4	381
oracle-compat	proofs::eq_repeat_err_plane	80
oracle-compat	proofs::spot_anychar_typmodout_wide	10
oracle-compat	proofs::eq_rpad_err_plane	120
oracle-compat	proofs::spot_fc_btrim_utf8	100
oracle-compat	proofs::eq_text_reverse_latin1	191
oracle-compat	proofs::spot_translate_utf8	100
pg_lsn	wave5::eq_pg_lsn_recv_core_d1	231
pg_lsn	wave5::eq_pg_lsn_recv_core_d0	241
pg_lsn	wave5::eq_pg_lsn_recv_core_d10	261
pg_lsn	wave5::eq_pg_lsn_recv_core_d11	251
pg_lsn	wave5::eq_pg_lsn_recv_core_d12	261
pg_lsn	wave5::eq_pg_lsn_recv_core_d3	220
pg_lsn	wave5::eq_pg_lsn_recv_core_d2	230
strings-scalar	proofs::cover_byteain_regimes	10
strings-scalar	proofs::cover_toast_regimes	10
strings-scalar	proofs::eq_btvarstrequalimage	10
pg_lsn	wave5::eq_pg_lsn_recv_core_d4	221
pg_lsn	wave5::eq_pg_lsn_recv_core_d5	231
pg_lsn	wave5::eq_pg_lsn_recv_core_d6	231
pg_lsn	wave5::eq_pg_lsn_recv_core_d7	230
strings-scalar	proofs::eq_pg_column_size_cstring	90
text-slice	wave8::cover_bytea_int_err_arms	10
text-slice	wave8::cover_byteaoverlay_regimes	10
text-slice	wave8::eq_bytea_bit_count	10
text-slice	wave8::eq_bytea_int2	10
text-slice	wave8::eq_bytea_int4	10
text-slice	wave8::eq_bytea_int8	10
pg_lsn	wave5::eq_pg_lsn_recv_core_d8	251
pg_lsn	wave5::eq_pg_lsn_recv_core_d9	251
strings-scalar	proofs::eq_byteain_escape_verdict	271
