casts	eq_bool_int4
casts	eq_dtof
casts	eq_dtoi2
casts	eq_dtoi4
casts	eq_dtoi8
casts	eq_ftod
casts	eq_ftoi2
casts	eq_ftoi4
casts	eq_ftoi8
casts	eq_i2tod
casts	eq_i2tof
casts	eq_i2toi4
casts	eq_i4tod
casts	eq_i4tof
casts	eq_i4toi2
casts	eq_i8tod
casts	eq_i8tof
casts	eq_int28
casts	eq_int4_bool
casts	eq_int48
casts	eq_int82
casts	eq_int84
float-arith	eq_dpi
float-arith	eq_float48div_zero
float-arith	eq_float4abs
float-arith	eq_float4div_zero
float-arith	eq_float4mi
float-arith	eq_float4pl
float-arith	eq_float4um
float-arith	eq_float4up
float-arith	eq_float84div_zero
float-arith	eq_float8abs
float-arith	eq_float8div_zero
float-arith	eq_float8um
float-arith	eq_float8up
float-cmp	eq_btfloat48cmp
float-cmp	eq_btfloat4cmp
float-cmp	eq_btfloat84cmp
float-cmp	eq_btfloat8cmp
float-cmp	eq_float48eq
float-cmp	eq_float48ge
float-cmp	eq_float48gt
float-cmp	eq_float48le
float-cmp	eq_float48lt
float-cmp	eq_float48ne
float-cmp	eq_float4eq
float-cmp	eq_float4ge
float-cmp	eq_float4gt
float-cmp	eq_float4larger
float-cmp	eq_float4le
float-cmp	eq_float4lt
float-cmp	eq_float4ne
float-cmp	eq_float4smaller
float-cmp	eq_float84eq
float-cmp	eq_float84ge
float-cmp	eq_float84gt
float-cmp	eq_float84le
float-cmp	eq_float84lt
float-cmp	eq_float84ne
float-cmp	eq_float8eq
float-cmp	eq_float8ge
float-cmp	eq_float8gt
float-cmp	eq_float8larger
float-cmp	eq_float8le
float-cmp	eq_float8lt
float-cmp	eq_float8ne
float-cmp	eq_float8smaller
hash-rows	proofs::eq_hashbool
hash-rows	proofs::eq_hashboolextended
hash-rows	proofs::eq_hashchar
hash-rows	proofs::eq_hashcharextended
hash-rows	proofs::eq_hashenum
hash-rows	proofs::eq_hashenumextended
hash-rows	proofs::eq_hashfloat4
hash-rows	proofs::eq_hashfloat4extended
hash-rows	proofs::eq_hashfloat8
hash-rows	proofs::eq_hashfloat8extended
hash-rows	proofs::eq_hashint2
hash-rows	proofs::eq_hashint2extended
hash-rows	proofs::eq_hashint4
hash-rows	proofs::eq_hashint4extended
hash-rows	proofs::eq_hashint8
hash-rows	proofs::eq_hashint8extended
hash-rows	proofs::eq_hashoid
hash-rows	proofs::eq_hashoidextended
hash-rows	proofs::model_hashchar_unsigned_full
hash-rows	proofs::model_hashcharextended_unsigned_full
hash-rows	wave5::eq_hashcid
hash-rows	wave5::eq_hashcidextended
hash-rows	wave5::eq_hashtid
hash-rows	wave5::eq_hashtidextended
hash-rows	wave5::eq_hashxid
hash-rows	wave5::eq_hashxid8
hash-rows	wave5::eq_hashxid8extended
hash-rows	wave5::eq_hashxidextended
hash-rows	wave5::eq_pg_lsn_hash
hash-rows	wave5::eq_pg_lsn_hash_extended
