# kind	doc_idx	arg_hex	arrow_hex_or_N	arrow_text_hex_or_N
k	0	61	N	N
k	0	62	N	N
k	0	6e6573746564	N	N
k	0	666f6f	N	N
k	0	6b3339	N	N
k	0		N	N
k	0	6d697373696e67	N	N
k	0	c3a96b6579	N	N
k	0	6e756d5f61667465725f737472696e675f706164	N	N
k	0	77	N	N
i	0	2d33	N	N
i	0	2d32	N	N
i	0	2d31	6e756c6c	N
i	0	30	6e756c6c	N
i	0	31	N	N
i	0	32	N	N
i	0	35	N	N
i	0	3530	N	N
i	0	2d32313437343833363438	N	N
i	0	32313437343833363437	N	N
p	0	7b617d	N	N
p	0	7b612c627d	N	N
p	0	7b612c622c637d	N	N
p	0	7b612c622c632c312c647d	N	N
p	0	7b307d	N	N
p	0	7b2d317d	N	N
p	0	7b312c307d	N	N
p	0	7b7d	6e756c6c	N
p	0	7b612c307d	N	N
p	0	7b666f6f2c6261727d	N	N
p	0	7b772c302c312c307d	N	N
p	0	7b762c752c302c742c317d	N	N
p	0	7b612c20317d	N	N
p	0	7b39397d	N	N
p	0	7b6e65737465642c782c792c7a7d	N	N
k	1	61	N	N
k	1	62	N	N
k	1	6e6573746564	N	N
k	1	666f6f	N	N
k	1	6b3339	N	N
k	1		N	N
k	1	6d697373696e67	N	N
k	1	c3a96b6579	N	N
k	1	6e756d5f61667465725f737472696e675f706164	N	N
k	1	77	N	N
i	1	2d33	N	N
i	1	2d32	N	N
i	1	2d31	74727565	74727565
i	1	30	74727565	74727565
i	1	31	N	N
i	1	32	N	N
i	1	35	N	N
i	1	3530	N	N
i	1	2d32313437343833363438	N	N
i	1	32313437343833363437	N	N
p	1	7b617d	N	N
p	1	7b612c627d	N	N
p	1	7b612c622c637d	N	N
p	1	7b612c622c632c312c647d	N	N
p	1	7b307d	N	N
p	1	7b2d317d	N	N
p	1	7b312c307d	N	N
p	1	7b7d	74727565	74727565
p	1	7b612c307d	N	N
p	1	7b666f6f2c6261727d	N	N
p	1	7b772c302c312c307d	N	N
p	1	7b762c752c302c742c317d	N	N
p	1	7b612c20317d	N	N
p	1	7b39397d	N	N
p	1	7b6e65737465642c782c792c7a7d	N	N
k	2	61	N	N
k	2	62	N	N
k	2	6e6573746564	N	N
k	2	666f6f	N	N
k	2	6b3339	N	N
k	2		N	N
k	2	6d697373696e67	N	N
k	2	c3a96b6579	N	N
k	2	6e756d5f61667465725f737472696e675f706164	N	N
k	2	77	N	N
i	2	2d33	N	N
i	2	2d32	N	N
i	2	2d31	66616c7365	66616c7365
i	2	30	66616c7365	66616c7365
i	2	31	N	N
i	2	32	N	N
i	2	35	N	N
i	2	3530	N	N
i	2	2d32313437343833363438	N	N
i	2	32313437343833363437	N	N
p	2	7b617d	N	N
p	2	7b612c627d	N	N
p	2	7b612c622c637d	N	N
p	2	7b612c622c632c312c647d	N	N
p	2	7b307d	N	N
p	2	7b2d317d	N	N
p	2	7b312c307d	N	N
p	2	7b7d	66616c7365	66616c7365
p	2	7b612c307d	N	N
p	2	7b666f6f2c6261727d	N	N
p	2	7b772c302c312c307d	N	N
p	2	7b762c752c302c742c317d	N	N
p	2	7b612c20317d	N	N
p	2	7b39397d	N	N
p	2	7b6e65737465642c782c792c7a7d	N	N
k	3	61	N	N
k	3	62	N	N
k	3	6e6573746564	N	N
k	3	666f6f	N	N
k	3	6b3339	N	N
k	3		N	N
k	3	6d697373696e67	N	N
k	3	c3a96b6579	N	N
k	3	6e756d5f61667465725f737472696e675f706164	N	N
k	3	77	N	N
i	3	2d33	N	N
i	3	2d32	N	N
i	3	2d31	31	31
i	3	30	31	31
i	3	31	N	N
i	3	32	N	N
i	3	35	N	N
i	3	3530	N	N
i	3	2d32313437343833363438	N	N
i	3	32313437343833363437	N	N
p	3	7b617d	N	N
p	3	7b612c627d	N	N
p	3	7b612c622c637d	N	N
p	3	7b612c622c632c312c647d	N	N
p	3	7b307d	N	N
p	3	7b2d317d	N	N
p	3	7b312c307d	N	N
p	3	7b7d	31	31
p	3	7b612c307d	N	N
p	3	7b666f6f2c6261727d	N	N
p	3	7b772c302c312c307d	N	N
p	3	7b762c752c302c742c317d	N	N
p	3	7b612c20317d	N	N
p	3	7b39397d	N	N
p	3	7b6e65737465642c782c792c7a7d	N	N
k	4	61	N	N
k	4	62	N	N
k	4	6e6573746564	N	N
k	4	666f6f	N	N
k	4	6b3339	N	N
k	4		N	N
k	4	6d697373696e67	N	N
k	4	c3a96b6579	N	N
k	4	6e756d5f61667465725f737472696e675f706164	N	N
k	4	77	N	N
i	4	2d33	N	N
i	4	2d32	N	N
i	4	2d31	2d31	2d31
i	4	30	2d31	2d31
i	4	31	N	N
i	4	32	N	N
i	4	35	N	N
i	4	3530	N	N
i	4	2d32313437343833363438	N	N
i	4	32313437343833363437	N	N
p	4	7b617d	N	N
p	4	7b612c627d	N	N
p	4	7b612c622c637d	N	N
p	4	7b612c622c632c312c647d	N	N
p	4	7b307d	N	N
p	4	7b2d317d	N	N
p	4	7b312c307d	N	N
p	4	7b7d	2d31	2d31
p	4	7b612c307d	N	N
p	4	7b666f6f2c6261727d	N	N
p	4	7b772c302c312c307d	N	N
p	4	7b762c752c302c742c317d	N	N
p	4	7b612c20317d	N	N
p	4	7b39397d	N	N
p	4	7b6e65737465642c782c792c7a7d	N	N
k	5	61	N	N
k	5	62	N	N
k	5	6e6573746564	N	N
k	5	666f6f	N	N
k	5	6b3339	N	N
k	5		N	N
k	5	6d697373696e67	N	N
k	5	c3a96b6579	N	N
k	5	6e756d5f61667465725f737472696e675f706164	N	N
k	5	77	N	N
i	5	2d33	N	N
i	5	2d32	N	N
i	5	2d31	30	30
i	5	30	30	30
i	5	31	N	N
i	5	32	N	N
i	5	35	N	N
i	5	3530	N	N
i	5	2d32313437343833363438	N	N
i	5	32313437343833363437	N	N
p	5	7b617d	N	N
p	5	7b612c627d	N	N
p	5	7b612c622c637d	N	N
p	5	7b612c622c632c312c647d	N	N
p	5	7b307d	N	N
p	5	7b2d317d	N	N
p	5	7b312c307d	N	N
p	5	7b7d	30	30
p	5	7b612c307d	N	N
p	5	7b666f6f2c6261727d	N	N
p	5	7b772c302c312c307d	N	N
p	5	7b762c752c302c742c317d	N	N
p	5	7b612c20317d	N	N
p	5	7b39397d	N	N
p	5	7b6e65737465642c782c792c7a7d	N	N
k	6	61	N	N
k	6	62	N	N
k	6	6e6573746564	N	N
k	6	666f6f	N	N
k	6	6b3339	N	N
k	6		N	N
k	6	6d697373696e67	N	N
k	6	c3a96b6579	N	N
k	6	6e756d5f61667465725f737472696e675f706164	N	N
k	6	77	N	N
i	6	2d33	N	N
i	6	2d32	N	N
i	6	2d31	30	30
i	6	30	30	30
i	6	31	N	N
i	6	32	N	N
i	6	35	N	N
i	6	3530	N	N
i	6	2d32313437343833363438	N	N
i	6	32313437343833363437	N	N
p	6	7b617d	N	N
p	6	7b612c627d	N	N
p	6	7b612c622c637d	N	N
p	6	7b612c622c632c312c647d	N	N
p	6	7b307d	N	N
p	6	7b2d317d	N	N
p	6	7b312c307d	N	N
p	6	7b7d	30	30
p	6	7b612c307d	N	N
p	6	7b666f6f2c6261727d	N	N
p	6	7b772c302c312c307d	N	N
p	6	7b762c752c302c742c317d	N	N
p	6	7b612c20317d	N	N
p	6	7b39397d	N	N
p	6	7b6e65737465642c782c792c7a7d	N	N
k	7	61	N	N
k	7	62	N	N
k	7	6e6573746564	N	N
k	7	666f6f	N	N
k	7	6b3339	N	N
k	7		N	N
k	7	6d697373696e67	N	N
k	7	c3a96b6579	N	N
k	7	6e756d5f61667465725f737472696e675f706164	N	N
k	7	77	N	N
i	7	2d33	N	N
i	7	2d32	N	N
i	7	2d31	302e35	302e35
i	7	30	302e35	302e35
i	7	31	N	N
i	7	32	N	N
i	7	35	N	N
i	7	3530	N	N
i	7	2d32313437343833363438	N	N
i	7	32313437343833363437	N	N
p	7	7b617d	N	N
p	7	7b612c627d	N	N
p	7	7b612c622c637d	N	N
p	7	7b612c622c632c312c647d	N	N
p	7	7b307d	N	N
p	7	7b2d317d	N	N
p	7	7b312c307d	N	N
p	7	7b7d	302e35	302e35
p	7	7b612c307d	N	N
p	7	7b666f6f2c6261727d	N	N
p	7	7b772c302c312c307d	N	N
p	7	7b762c752c302c742c317d	N	N
p	7	7b612c20317d	N	N
p	7	7b39397d	N	N
p	7	7b6e65737465642c782c792c7a7d	N	N
k	8	61	N	N
k	8	62	N	N
k	8	6e6573746564	N	N
k	8	666f6f	N	N
k	8	6b3339	N	N
k	8		N	N
k	8	6d697373696e67	N	N
k	8	c3a96b6579	N	N
k	8	6e756d5f61667465725f737472696e675f706164	N	N
k	8	77	N	N
i	8	2d33	N	N
i	8	2d32	N	N
i	8	2d31	302e30	302e30
i	8	30	302e30	302e30
i	8	31	N	N
i	8	32	N	N
i	8	35	N	N
i	8	3530	N	N
i	8	2d32313437343833363438	N	N
i	8	32313437343833363437	N	N
p	8	7b617d	N	N
p	8	7b612c627d	N	N
p	8	7b612c622c637d	N	N
p	8	7b612c622c632c312c647d	N	N
p	8	7b307d	N	N
p	8	7b2d317d	N	N
p	8	7b312c307d	N	N
p	8	7b7d	302e30	302e30
p	8	7b612c307d	N	N
p	8	7b666f6f2c6261727d	N	N
p	8	7b772c302c312c307d	N	N
p	8	7b762c752c302c742c317d	N	N
p	8	7b612c20317d	N	N
p	8	7b39397d	N	N
p	8	7b6e65737465642c782c792c7a7d	N	N
k	9	61	N	N
k	9	62	N	N
k	9	6e6573746564	N	N
k	9	666f6f	N	N
k	9	6b3339	N	N
k	9		N	N
k	9	6d697373696e67	N	N
k	9	c3a96b6579	N	N
k	9	6e756d5f61667465725f737472696e675f706164	N	N
k	9	77	N	N
i	9	2d33	N	N
i	9	2d32	N	N
i	9	2d31	312e3530	312e3530
i	9	30	312e3530	312e3530
i	9	31	N	N
i	9	32	N	N
i	9	35	N	N
i	9	3530	N	N
i	9	2d32313437343833363438	N	N
i	9	32313437343833363437	N	N
p	9	7b617d	N	N
p	9	7b612c627d	N	N
p	9	7b612c622c637d	N	N
p	9	7b612c622c632c312c647d	N	N
p	9	7b307d	N	N
p	9	7b2d317d	N	N
p	9	7b312c307d	N	N
p	9	7b7d	312e3530	312e3530
p	9	7b612c307d	N	N
p	9	7b666f6f2c6261727d	N	N
p	9	7b772c302c312c307d	N	N
p	9	7b762c752c302c742c317d	N	N
p	9	7b612c20317d	N	N
p	9	7b39397d	N	N
p	9	7b6e65737465642c782c792c7a7d	N	N
k	10	61	N	N
k	10	62	N	N
k	10	6e6573746564	N	N
k	10	666f6f	N	N
k	10	6b3339	N	N
k	10		N	N
k	10	6d697373696e67	N	N
k	10	c3a96b6579	N	N
k	10	6e756d5f61667465725f737472696e675f706164	N	N
k	10	77	N	N
i	10	2d33	N	N
i	10	2d32	N	N
i	10	2d31	322e3530303030	322e3530303030
i	10	30	322e3530303030	322e3530303030
i	10	31	N	N
i	10	32	N	N
i	10	35	N	N
i	10	3530	N	N
i	10	2d32313437343833363438	N	N
i	10	32313437343833363437	N	N
p	10	7b617d	N	N
p	10	7b612c627d	N	N
p	10	7b612c622c637d	N	N
p	10	7b612c622c632c312c647d	N	N
p	10	7b307d	N	N
p	10	7b2d317d	N	N
p	10	7b312c307d	N	N
p	10	7b7d	322e3530303030	322e3530303030
p	10	7b612c307d	N	N
p	10	7b666f6f2c6261727d	N	N
p	10	7b772c302c312c307d	N	N
p	10	7b762c752c302c742c317d	N	N
p	10	7b612c20317d	N	N
p	10	7b39397d	N	N
p	10	7b6e65737465642c782c792c7a7d	N	N
k	11	61	N	N
k	11	62	N	N
k	11	6e6573746564	N	N
k	11	666f6f	N	N
k	11	6b3339	N	N
k	11		N	N
k	11	6d697373696e67	N	N
k	11	c3a96b6579	N	N
k	11	6e756d5f61667465725f737472696e675f706164	N	N
k	11	77	N	N
i	11	2d33	N	N
i	11	2d32	N	N
i	11	2d31	302e30303030303030303030303030303035	302e30303030303030303030303030303035
i	11	30	302e30303030303030303030303030303035	302e30303030303030303030303030303035
i	11	31	N	N
i	11	32	N	N
i	11	35	N	N
i	11	3530	N	N
i	11	2d32313437343833363438	N	N
i	11	32313437343833363437	N	N
p	11	7b617d	N	N
p	11	7b612c627d	N	N
p	11	7b612c622c637d	N	N
p	11	7b612c622c632c312c647d	N	N
p	11	7b307d	N	N
p	11	7b2d317d	N	N
p	11	7b312c307d	N	N
p	11	7b7d	302e30303030303030303030303030303035	302e30303030303030303030303030303035
p	11	7b612c307d	N	N
p	11	7b666f6f2c6261727d	N	N
p	11	7b772c302c312c307d	N	N
p	11	7b762c752c302c742c317d	N	N
p	11	7b612c20317d	N	N
p	11	7b39397d	N	N
p	11	7b6e65737465642c782c792c7a7d	N	N
k	12	61	N	N
k	12	62	N	N
k	12	6e6573746564	N	N
k	12	666f6f	N	N
k	12	6b3339	N	N
k	12		N	N
k	12	6d697373696e67	N	N
k	12	c3a96b6579	N	N
k	12	6e756d5f61667465725f737472696e675f706164	N	N
k	12	77	N	N
i	12	2d33	N	N
i	12	2d32	N	N
i	12	2d31	3130303030303030303030303030303030303030303030303030303030303030303030303030303030303030303030303030303030303030303030303030303030303030303030303030303030303030303030303030303030303030303030303030303030	3130303030303030303030303030303030303030303030303030303030303030303030303030303030303030303030303030303030303030303030303030303030303030303030303030303030303030303030303030303030303030303030303030303030
i	12	30	3130303030303030303030303030303030303030303030303030303030303030303030303030303030303030303030303030303030303030303030303030303030303030303030303030303030303030303030303030303030303030303030303030303030	3130303030303030303030303030303030303030303030303030303030303030303030303030303030303030303030303030303030303030303030303030303030303030303030303030303030303030303030303030303030303030303030303030303030
i	12	31	N	N
i	12	32	N	N
i	12	35	N	N
i	12	3530	N	N
i	12	2d32313437343833363438	N	N
i	12	32313437343833363437	N	N
p	12	7b617d	N	N
p	12	7b612c627d	N	N
p	12	7b612c622c637d	N	N
p	12	7b612c622c632c312c647d	N	N
p	12	7b307d	N	N
p	12	7b2d317d	N	N
p	12	7b312c307d	N	N
p	12	7b7d	3130303030303030303030303030303030303030303030303030303030303030303030303030303030303030303030303030303030303030303030303030303030303030303030303030303030303030303030303030303030303030303030303030303030	3130303030303030303030303030303030303030303030303030303030303030303030303030303030303030303030303030303030303030303030303030303030303030303030303030303030303030303030303030303030303030303030303030303030
p	12	7b612c307d	N	N
p	12	7b666f6f2c6261727d	N	N
p	12	7b772c302c312c307d	N	N
p	12	7b762c752c302c742c317d	N	N
p	12	7b612c20317d	N	N
p	12	7b39397d	N	N
p	12	7b6e65737465642c782c792c7a7d	N	N
k	13	61	N	N
k	13	62	N	N
k	13	6e6573746564	N	N
k	13	666f6f	N	N
k	13	6b3339	N	N
k	13		N	N
k	13	6d697373696e67	N	N
k	13	c3a96b6579	N	N
k	13	6e756d5f61667465725f737472696e675f706164	N	N
k	13	77	N	N
i	13	2d33	N	N
i	13	2d32	N	N
i	13	2d31	2d313030	2d313030
i	13	30	2d313030	2d313030
i	13	31	N	N
i	13	32	N	N
i	13	35	N	N
i	13	3530	N	N
i	13	2d32313437343833363438	N	N
i	13	32313437343833363437	N	N
p	13	7b617d	N	N
p	13	7b612c627d	N	N
p	13	7b612c622c637d	N	N
p	13	7b612c622c632c312c647d	N	N
p	13	7b307d	N	N
p	13	7b2d317d	N	N
p	13	7b312c307d	N	N
p	13	7b7d	2d313030	2d313030
p	13	7b612c307d	N	N
p	13	7b666f6f2c6261727d	N	N
p	13	7b772c302c312c307d	N	N
p	13	7b762c752c302c742c317d	N	N
p	13	7b612c20317d	N	N
p	13	7b39397d	N	N
p	13	7b6e65737465642c782c792c7a7d	N	N
k	14	61	N	N
k	14	62	N	N
k	14	6e6573746564	N	N
k	14	666f6f	N	N
k	14	6b3339	N	N
k	14		N	N
k	14	6d697373696e67	N	N
k	14	c3a96b6579	N	N
k	14	6e756d5f61667465725f737472696e675f706164	N	N
k	14	77	N	N
i	14	2d33	N	N
i	14	2d32	N	N
i	14	2d31	302e303030303031	302e303030303031
i	14	30	302e303030303031	302e303030303031
i	14	31	N	N
i	14	32	N	N
i	14	35	N	N
i	14	3530	N	N
i	14	2d32313437343833363438	N	N
i	14	32313437343833363437	N	N
p	14	7b617d	N	N
p	14	7b612c627d	N	N
p	14	7b612c622c637d	N	N
p	14	7b612c622c632c312c647d	N	N
p	14	7b307d	N	N
p	14	7b2d317d	N	N
p	14	7b312c307d	N	N
p	14	7b7d	302e303030303031	302e303030303031
p	14	7b612c307d	N	N
p	14	7b666f6f2c6261727d	N	N
p	14	7b772c302c312c307d	N	N
p	14	7b762c752c302c742c317d	N	N
p	14	7b612c20317d	N	N
p	14	7b39397d	N	N
p	14	7b6e65737465642c782c792c7a7d	N	N
k	15	61	N	N
k	15	62	N	N
k	15	6e6573746564	N	N
k	15	666f6f	N	N
k	15	6b3339	N	N
k	15		N	N
k	15	6d697373696e67	N	N
k	15	c3a96b6579	N	N
k	15	6e756d5f61667465725f737472696e675f706164	N	N
k	15	77	N	N
i	15	2d33	N	N
i	15	2d32	N	N
i	15	2d31	3132333435363738393031323334353637383930313233343536373839302e313233343536373839303132333435363738393031323334353637383930	3132333435363738393031323334353637383930313233343536373839302e313233343536373839303132333435363738393031323334353637383930
i	15	30	3132333435363738393031323334353637383930313233343536373839302e313233343536373839303132333435363738393031323334353637383930	3132333435363738393031323334353637383930313233343536373839302e313233343536373839303132333435363738393031323334353637383930
i	15	31	N	N
i	15	32	N	N
i	15	35	N	N
i	15	3530	N	N
i	15	2d32313437343833363438	N	N
i	15	32313437343833363437	N	N
p	15	7b617d	N	N
p	15	7b612c627d	N	N
p	15	7b612c622c637d	N	N
p	15	7b612c622c632c312c647d	N	N
p	15	7b307d	N	N
p	15	7b2d317d	N	N
p	15	7b312c307d	N	N
p	15	7b7d	3132333435363738393031323334353637383930313233343536373839302e313233343536373839303132333435363738393031323334353637383930	3132333435363738393031323334353637383930313233343536373839302e313233343536373839303132333435363738393031323334353637383930
p	15	7b612c307d	N	N
p	15	7b666f6f2c6261727d	N	N
p	15	7b772c302c312c307d	N	N
p	15	7b762c752c302c742c317d	N	N
p	15	7b612c20317d	N	N
p	15	7b39397d	N	N
p	15	7b6e65737465642c782c792c7a7d	N	N
k	16	61	N	N
k	16	62	N	N
k	16	6e6573746564	N	N
k	16	666f6f	N	N
k	16	6b3339	N	N
k	16		N	N
k	16	6d697373696e67	N	N
k	16	c3a96b6579	N	N
k	16	6e756d5f61667465725f737472696e675f706164	N	N
k	16	77	N	N
i	16	2d33	N	N
i	16	2d32	N	N
i	16	2d31	3939393939393939393939393939393939393939393939393939393939393939393939393939	3939393939393939393939393939393939393939393939393939393939393939393939393939
i	16	30	3939393939393939393939393939393939393939393939393939393939393939393939393939	3939393939393939393939393939393939393939393939393939393939393939393939393939
i	16	31	N	N
i	16	32	N	N
i	16	35	N	N
i	16	3530	N	N
i	16	2d32313437343833363438	N	N
i	16	32313437343833363437	N	N
p	16	7b617d	N	N
p	16	7b612c627d	N	N
p	16	7b612c622c637d	N	N
p	16	7b612c622c632c312c647d	N	N
p	16	7b307d	N	N
p	16	7b2d317d	N	N
p	16	7b312c307d	N	N
p	16	7b7d	3939393939393939393939393939393939393939393939393939393939393939393939393939	3939393939393939393939393939393939393939393939393939393939393939393939393939
p	16	7b612c307d	N	N
p	16	7b666f6f2c6261727d	N	N
p	16	7b772c302c312c307d	N	N
p	16	7b762c752c302c742c317d	N	N
p	16	7b612c20317d	N	N
p	16	7b39397d	N	N
p	16	7b6e65737465642c782c792c7a7d	N	N
k	17	61	N	N
k	17	62	N	N
k	17	6e6573746564	N	N
k	17	666f6f	N	N
k	17	6b3339	N	N
k	17		N	N
k	17	6d697373696e67	N	N
k	17	c3a96b6579	N	N
k	17	6e756d5f61667465725f737472696e675f706164	N	N
k	17	77	N	N
i	17	2d33	N	N
i	17	2d32	N	N
i	17	2d31	2d3939393939393939393939393939393939393939393939393939393939393939393939393939	2d3939393939393939393939393939393939393939393939393939393939393939393939393939
i	17	30	2d3939393939393939393939393939393939393939393939393939393939393939393939393939	2d3939393939393939393939393939393939393939393939393939393939393939393939393939
i	17	31	N	N
i	17	32	N	N
i	17	35	N	N
i	17	3530	N	N
i	17	2d32313437343833363438	N	N
i	17	32313437343833363437	N	N
p	17	7b617d	N	N
p	17	7b612c627d	N	N
p	17	7b612c622c637d	N	N
p	17	7b612c622c632c312c647d	N	N
p	17	7b307d	N	N
p	17	7b2d317d	N	N
p	17	7b312c307d	N	N
p	17	7b7d	2d3939393939393939393939393939393939393939393939393939393939393939393939393939	2d3939393939393939393939393939393939393939393939393939393939393939393939393939
p	17	7b612c307d	N	N
p	17	7b666f6f2c6261727d	N	N
p	17	7b772c302c312c307d	N	N
p	17	7b762c752c302c742c317d	N	N
p	17	7b612c20317d	N	N
p	17	7b39397d	N	N
p	17	7b6e65737465642c782c792c7a7d	N	N
k	18	61	N	N
k	18	62	N	N
k	18	6e6573746564	N	N
k	18	666f6f	N	N
k	18	6b3339	N	N
k	18		N	N
k	18	6d697373696e67	N	N
k	18	c3a96b6579	N	N
k	18	6e756d5f61667465725f737472696e675f706164	N	N
k	18	77	N	N
i	18	2d33	N	N
i	18	2d32	N	N
i	18	2d31	332e313431353932363533353839373933323338343632363433333833323739353032383834313937313639333939333735313035383230393734393434	332e313431353932363533353839373933323338343632363433333833323739353032383834313937313639333939333735313035383230393734393434
i	18	30	332e313431353932363533353839373933323338343632363433333833323739353032383834313937313639333939333735313035383230393734393434	332e313431353932363533353839373933323338343632363433333833323739353032383834313937313639333939333735313035383230393734393434
i	18	31	N	N
i	18	32	N	N
i	18	35	N	N
i	18	3530	N	N
i	18	2d32313437343833363438	N	N
i	18	32313437343833363437	N	N
p	18	7b617d	N	N
p	18	7b612c627d	N	N
p	18	7b612c622c637d	N	N
p	18	7b612c622c632c312c647d	N	N
p	18	7b307d	N	N
p	18	7b2d317d	N	N
p	18	7b312c307d	N	N
p	18	7b7d	332e313431353932363533353839373933323338343632363433333833323739353032383834313937313639333939333735313035383230393734393434	332e313431353932363533353839373933323338343632363433333833323739353032383834313937313639333939333735313035383230393734393434
p	18	7b612c307d	N	N
p	18	7b666f6f2c6261727d	N	N
p	18	7b772c302c312c307d	N	N
p	18	7b762c752c302c742c317d	N	N
p	18	7b612c20317d	N	N
p	18	7b39397d	N	N
p	18	7b6e65737465642c782c792c7a7d	N	N
k	19	61	N	N
k	19	62	N	N
k	19	6e6573746564	N	N
k	19	666f6f	N	N
k	19	6b3339	N	N
k	19		N	N
k	19	6d697373696e67	N	N
k	19	c3a96b6579	N	N
k	19	6e756d5f61667465725f737472696e675f706164	N	N
k	19	77	N	N
i	19	2d33	N	N
i	19	2d32	N	N
i	19	2d31	32302e30	32302e30
i	19	30	32302e30	32302e30
i	19	31	N	N
i	19	32	N	N
i	19	35	N	N
i	19	3530	N	N
i	19	2d32313437343833363438	N	N
i	19	32313437343833363437	N	N
p	19	7b617d	N	N
p	19	7b612c627d	N	N
p	19	7b612c622c637d	N	N
p	19	7b612c622c632c312c647d	N	N
p	19	7b307d	N	N
p	19	7b2d317d	N	N
p	19	7b312c307d	N	N
p	19	7b7d	32302e30	32302e30
p	19	7b612c307d	N	N
p	19	7b666f6f2c6261727d	N	N
p	19	7b772c302c312c307d	N	N
p	19	7b762c752c302c742c317d	N	N
p	19	7b612c20317d	N	N
p	19	7b39397d	N	N
p	19	7b6e65737465642c782c792c7a7d	N	N
k	20	61	N	N
k	20	62	N	N
k	20	6e6573746564	N	N
k	20	666f6f	N	N
k	20	6b3339	N	N
k	20		N	N
k	20	6d697373696e67	N	N
k	20	c3a96b6579	N	N
k	20	6e756d5f61667465725f737472696e675f706164	N	N
k	20	77	N	N
i	20	2d33	N	N
i	20	2d32	N	N
i	20	2d31	2222	
i	20	30	2222	
i	20	31	N	N
i	20	32	N	N
i	20	35	N	N
i	20	3530	N	N
i	20	2d32313437343833363438	N	N
i	20	32313437343833363437	N	N
p	20	7b617d	N	N
p	20	7b612c627d	N	N
p	20	7b612c622c637d	N	N
p	20	7b612c622c632c312c647d	N	N
p	20	7b307d	N	N
p	20	7b2d317d	N	N
p	20	7b312c307d	N	N
p	20	7b7d	2222	
p	20	7b612c307d	N	N
p	20	7b666f6f2c6261727d	N	N
p	20	7b772c302c312c307d	N	N
p	20	7b762c752c302c742c317d	N	N
p	20	7b612c20317d	N	N
p	20	7b39397d	N	N
p	20	7b6e65737465642c782c792c7a7d	N	N
k	21	61	N	N
k	21	62	N	N
k	21	6e6573746564	N	N
k	21	666f6f	N	N
k	21	6b3339	N	N
k	21		N	N
k	21	6d697373696e67	N	N
k	21	c3a96b6579	N	N
k	21	6e756d5f61667465725f737472696e675f706164	N	N
k	21	77	N	N
i	21	2d33	N	N
i	21	2d32	N	N
i	21	2d31	2268656c6c6f22	68656c6c6f
i	21	30	2268656c6c6f22	68656c6c6f
i	21	31	N	N
i	21	32	N	N
i	21	35	N	N
i	21	3530	N	N
i	21	2d32313437343833363438	N	N
i	21	32313437343833363437	N	N
p	21	7b617d	N	N
p	21	7b612c627d	N	N
p	21	7b612c622c637d	N	N
p	21	7b612c622c632c312c647d	N	N
p	21	7b307d	N	N
p	21	7b2d317d	N	N
p	21	7b312c307d	N	N
p	21	7b7d	2268656c6c6f22	68656c6c6f
p	21	7b612c307d	N	N
p	21	7b666f6f2c6261727d	N	N
p	21	7b772c302c312c307d	N	N
p	21	7b762c752c302c742c317d	N	N
p	21	7b612c20317d	N	N
p	21	7b39397d	N	N
p	21	7b6e65737465642c782c792c7a7d	N	N
k	22	61	N	N
k	22	62	N	N
k	22	6e6573746564	N	N
k	22	666f6f	N	N
k	22	6b3339	N	N
k	22		N	N
k	22	6d697373696e67	N	N
k	22	c3a96b6579	N	N
k	22	6e756d5f61667465725f737472696e675f706164	N	N
k	22	77	N	N
i	22	2d33	N	N
i	22	2d32	N	N
i	22	2d31	226122	61
i	22	30	226122	61
i	22	31	N	N
i	22	32	N	N
i	22	35	N	N
i	22	3530	N	N
i	22	2d32313437343833363438	N	N
i	22	32313437343833363437	N	N
p	22	7b617d	N	N
p	22	7b612c627d	N	N
p	22	7b612c622c637d	N	N
p	22	7b612c622c632c312c647d	N	N
p	22	7b307d	N	N
p	22	7b2d317d	N	N
p	22	7b312c307d	N	N
p	22	7b7d	226122	61
p	22	7b612c307d	N	N
p	22	7b666f6f2c6261727d	N	N
p	22	7b772c302c312c307d	N	N
p	22	7b762c752c302c742c317d	N	N
p	22	7b612c20317d	N	N
p	22	7b39397d	N	N
p	22	7b6e65737465642c782c792c7a7d	N	N
k	23	61	N	N
k	23	62	N	N
k	23	6e6573746564	N	N
k	23	666f6f	N	N
k	23	6b3339	N	N
k	23		N	N
k	23	6d697373696e67	N	N
k	23	c3a96b6579	N	N
k	23	6e756d5f61667465725f737472696e675f706164	N	N
k	23	77	N	N
i	23	2d33	N	N
i	23	2d32	N	N
i	23	2d31	2268c3a96c6c6fe28692e4b896e7958c22	68c3a96c6c6fe28692e4b896e7958c
i	23	30	2268c3a96c6c6fe28692e4b896e7958c22	68c3a96c6c6fe28692e4b896e7958c
i	23	31	N	N
i	23	32	N	N
i	23	35	N	N
i	23	3530	N	N
i	23	2d32313437343833363438	N	N
i	23	32313437343833363437	N	N
p	23	7b617d	N	N
p	23	7b612c627d	N	N
p	23	7b612c622c637d	N	N
p	23	7b612c622c632c312c647d	N	N
p	23	7b307d	N	N
p	23	7b2d317d	N	N
p	23	7b312c307d	N	N
p	23	7b7d	2268c3a96c6c6fe28692e4b896e7958c22	68c3a96c6c6fe28692e4b896e7958c
p	23	7b612c307d	N	N
p	23	7b666f6f2c6261727d	N	N
p	23	7b772c302c312c307d	N	N
p	23	7b762c752c302c742c317d	N	N
p	23	7b612c20317d	N	N
p	23	7b39397d	N	N
p	23	7b6e65737465642c782c792c7a7d	N	N
k	24	61	N	N
k	24	62	N	N
k	24	6e6573746564	N	N
k	24	666f6f	N	N
k	24	6b3339	N	N
k	24		N	N
k	24	6d697373696e67	N	N
k	24	c3a96b6579	N	N
k	24	6e756d5f61667465725f737472696e675f706164	N	N
k	24	77	N	N
i	24	2d33	N	N
i	24	2d32	N	N
i	24	2d31	22c3a922	c3a9
i	24	30	22c3a922	c3a9
i	24	31	N	N
i	24	32	N	N
i	24	35	N	N
i	24	3530	N	N
i	24	2d32313437343833363438	N	N
i	24	32313437343833363437	N	N
p	24	7b617d	N	N
p	24	7b612c627d	N	N
p	24	7b612c622c637d	N	N
p	24	7b612c622c632c312c647d	N	N
p	24	7b307d	N	N
p	24	7b2d317d	N	N
p	24	7b312c307d	N	N
p	24	7b7d	22c3a922	c3a9
p	24	7b612c307d	N	N
p	24	7b666f6f2c6261727d	N	N
p	24	7b772c302c312c307d	N	N
p	24	7b762c752c302c742c317d	N	N
p	24	7b612c20317d	N	N
p	24	7b39397d	N	N
p	24	7b6e65737465642c782c792c7a7d	N	N
k	25	61	N	N
k	25	62	N	N
k	25	6e6573746564	N	N
k	25	666f6f	N	N
k	25	6b3339	N	N
k	25		N	N
k	25	6d697373696e67	N	N
k	25	c3a96b6579	N	N
k	25	6e756d5f61667465725f737472696e675f706164	N	N
k	25	77	N	N
i	25	2d33	N	N
i	25	2d32	N	N
i	25	2d31	225c75303030315c753030316622	011f
i	25	30	225c75303030315c753030316622	011f
i	25	31	N	N
i	25	32	N	N
i	25	35	N	N
i	25	3530	N	N
i	25	2d32313437343833363438	N	N
i	25	32313437343833363437	N	N
p	25	7b617d	N	N
p	25	7b612c627d	N	N
p	25	7b612c622c637d	N	N
p	25	7b612c622c632c312c647d	N	N
p	25	7b307d	N	N
p	25	7b2d317d	N	N
p	25	7b312c307d	N	N
p	25	7b7d	225c75303030315c753030316622	011f
p	25	7b612c307d	N	N
p	25	7b666f6f2c6261727d	N	N
p	25	7b772c302c312c307d	N	N
p	25	7b762c752c302c742c317d	N	N
p	25	7b612c20317d	N	N
p	25	7b39397d	N	N
p	25	7b6e65737465642c782c792c7a7d	N	N
k	26	61	N	N
k	26	62	N	N
k	26	6e6573746564	N	N
k	26	666f6f	N	N
k	26	6b3339	N	N
k	26		N	N
k	26	6d697373696e67	N	N
k	26	c3a96b6579	N	N
k	26	6e756d5f61667465725f737472696e675f706164	N	N
k	26	77	N	N
i	26	2d33	N	N
i	26	2d32	N	N
i	26	2d31	22f09f988022	f09f9880
i	26	30	22f09f988022	f09f9880
i	26	31	N	N
i	26	32	N	N
i	26	35	N	N
i	26	3530	N	N
i	26	2d32313437343833363438	N	N
i	26	32313437343833363437	N	N
p	26	7b617d	N	N
p	26	7b612c627d	N	N
p	26	7b612c622c637d	N	N
p	26	7b612c622c632c312c647d	N	N
p	26	7b307d	N	N
p	26	7b2d317d	N	N
p	26	7b312c307d	N	N
p	26	7b7d	22f09f988022	f09f9880
p	26	7b612c307d	N	N
p	26	7b666f6f2c6261727d	N	N
p	26	7b772c302c312c307d	N	N
p	26	7b762c752c302c742c317d	N	N
p	26	7b612c20317d	N	N
p	26	7b39397d	N	N
p	26	7b6e65737465642c782c792c7a7d	N	N
k	27	61	N	N
k	27	62	N	N
k	27	6e6573746564	N	N
k	27	666f6f	N	N
k	27	6b3339	N	N
k	27		N	N
k	27	6d697373696e67	N	N
k	27	c3a96b6579	N	N
k	27	6e756d5f61667465725f737472696e675f706164	N	N
k	27	77	N	N
i	27	2d33	N	N
i	27	2d32	N	N
i	27	2d31	22efbfbf22	efbfbf
i	27	30	22efbfbf22	efbfbf
i	27	31	N	N
i	27	32	N	N
i	27	35	N	N
i	27	3530	N	N
i	27	2d32313437343833363438	N	N
i	27	32313437343833363437	N	N
p	27	7b617d	N	N
p	27	7b612c627d	N	N
p	27	7b612c622c637d	N	N
p	27	7b612c622c632c312c647d	N	N
p	27	7b307d	N	N
p	27	7b2d317d	N	N
p	27	7b312c307d	N	N
p	27	7b7d	22efbfbf22	efbfbf
p	27	7b612c307d	N	N
p	27	7b666f6f2c6261727d	N	N
p	27	7b772c302c312c307d	N	N
p	27	7b762c752c302c742c317d	N	N
p	27	7b612c20317d	N	N
p	27	7b39397d	N	N
p	27	7b6e65737465642c782c792c7a7d	N	N
k	28	61	N	N
k	28	62	N	N
k	28	6e6573746564	N	N
k	28	666f6f	N	N
k	28	6b3339	N	N
k	28		N	N
k	28	6d697373696e67	N	N
k	28	c3a96b6579	N	N
k	28	6e756d5f61667465725f737472696e675f706164	N	N
k	28	77	N	N
i	28	2d33	N	N
i	28	2d32	N	N
i	28	2d31	225c745c6e5c725c625c665c225c5c2f22	090a0d080c225c2f
i	28	30	225c745c6e5c725c625c665c225c5c2f22	090a0d080c225c2f
i	28	31	N	N
i	28	32	N	N
i	28	35	N	N
i	28	3530	N	N
i	28	2d32313437343833363438	N	N
i	28	32313437343833363437	N	N
p	28	7b617d	N	N
p	28	7b612c627d	N	N
p	28	7b612c622c637d	N	N
p	28	7b612c622c632c312c647d	N	N
p	28	7b307d	N	N
p	28	7b2d317d	N	N
p	28	7b312c307d	N	N
p	28	7b7d	225c745c6e5c725c625c665c225c5c2f22	090a0d080c225c2f
p	28	7b612c307d	N	N
p	28	7b666f6f2c6261727d	N	N
p	28	7b772c302c312c307d	N	N
p	28	7b762c752c302c742c317d	N	N
p	28	7b612c20317d	N	N
p	28	7b39397d	N	N
p	28	7b6e65737465642c782c792c7a7d	N	N
k	29	61	N	N
k	29	62	N	N
k	29	6e6573746564	N	N
k	29	666f6f	N	N
k	29	6b3339	N	N
k	29		N	N
k	29	6d697373696e67	N	N
k	29	c3a96b6579	N	N
k	29	6e756d5f61667465725f737472696e675f706164	N	N
k	29	77	N	N
i	29	2d33	N	N
i	29	2d32	N	N
i	29	2d31	226b657920776974682073706163657320616e642061205c2271756f74655c2222	6b657920776974682073706163657320616e642061202271756f746522
i	29	30	226b657920776974682073706163657320616e642061205c2271756f74655c2222	6b657920776974682073706163657320616e642061202271756f746522
i	29	31	N	N
i	29	32	N	N
i	29	35	N	N
i	29	3530	N	N
i	29	2d32313437343833363438	N	N
i	29	32313437343833363437	N	N
p	29	7b617d	N	N
p	29	7b612c627d	N	N
p	29	7b612c622c637d	N	N
p	29	7b612c622c632c312c647d	N	N
p	29	7b307d	N	N
p	29	7b2d317d	N	N
p	29	7b312c307d	N	N
p	29	7b7d	226b657920776974682073706163657320616e642061205c2271756f74655c2222	6b657920776974682073706163657320616e642061202271756f746522
p	29	7b612c307d	N	N
p	29	7b666f6f2c6261727d	N	N
p	29	7b772c302c312c307d	N	N
p	29	7b762c752c302c742c317d	N	N
p	29	7b612c20317d	N	N
p	29	7b39397d	N	N
p	29	7b6e65737465642c782c792c7a7d	N	N
k	30	61	N	N
k	30	62	N	N
k	30	6e6573746564	N	N
k	30	666f6f	N	N
k	30	6b3339	N	N
k	30		N	N
k	30	6d697373696e67	N	N
k	30	c3a96b6579	N	N
k	30	6e756d5f61667465725f737472696e675f706164	N	N
k	30	77	N	N
i	30	2d33	N	N
i	30	2d32	N	N
i	30	2d31	2261616161616161616161616161616161616161616161616161616161616161616161616161616161616161616161616161616161616161616161616161616161616161616161616161616161616161616161616161616161616161616161616161616161616161616161616161616161616161616161616161616161616161616161616161616161616161616161616161616161616161616161616161616161616161616161616161616161616161616161616161616161616161616161616161616161616122	616161616161616161616161616161616161616161616161616161616161616161616161616161616161616161616161616161616161616161616161616161616161616161616161616161616161616161616161616161616161616161616161616161616161616161616161616161616161616161616161616161616161616161616161616161616161616161616161616161616161616161616161616161616161616161616161616161616161616161616161616161616161616161616161616161616161
i	30	30	2261616161616161616161616161616161616161616161616161616161616161616161616161616161616161616161616161616161616161616161616161616161616161616161616161616161616161616161616161616161616161616161616161616161616161616161616161616161616161616161616161616161616161616161616161616161616161616161616161616161616161616161616161616161616161616161616161616161616161616161616161616161616161616161616161616161616122	616161616161616161616161616161616161616161616161616161616161616161616161616161616161616161616161616161616161616161616161616161616161616161616161616161616161616161616161616161616161616161616161616161616161616161616161616161616161616161616161616161616161616161616161616161616161616161616161616161616161616161616161616161616161616161616161616161616161616161616161616161616161616161616161616161616161
i	30	31	N	N
i	30	32	N	N
i	30	35	N	N
i	30	3530	N	N
i	30	2d32313437343833363438	N	N
i	30	32313437343833363437	N	N
p	30	7b617d	N	N
p	30	7b612c627d	N	N
p	30	7b612c622c637d	N	N
p	30	7b612c622c632c312c647d	N	N
p	30	7b307d	N	N
p	30	7b2d317d	N	N
p	30	7b312c307d	N	N
p	30	7b7d	2261616161616161616161616161616161616161616161616161616161616161616161616161616161616161616161616161616161616161616161616161616161616161616161616161616161616161616161616161616161616161616161616161616161616161616161616161616161616161616161616161616161616161616161616161616161616161616161616161616161616161616161616161616161616161616161616161616161616161616161616161616161616161616161616161616161616122	616161616161616161616161616161616161616161616161616161616161616161616161616161616161616161616161616161616161616161616161616161616161616161616161616161616161616161616161616161616161616161616161616161616161616161616161616161616161616161616161616161616161616161616161616161616161616161616161616161616161616161616161616161616161616161616161616161616161616161616161616161616161616161616161616161616161
p	30	7b612c307d	N	N
p	30	7b666f6f2c6261727d	N	N
p	30	7b772c302c312c307d	N	N
p	30	7b762c752c302c742c317d	N	N
p	30	7b612c20317d	N	N
p	30	7b39397d	N	N
p	30	7b6e65737465642c782c792c7a7d	N	N
k	31	61	N	N
k	31	62	N	N
k	31	6e6573746564	N	N
k	31	666f6f	N	N
k	31	6b3339	N	N
k	31		N	N
k	31	6d697373696e67	N	N
k	31	c3a96b6579	N	N
k	31	6e756d5f61667465725f737472696e675f706164	N	N
k	31	77	N	N
i	31	2d33	N	N
i	31	2d32	N	N
i	31	2d31	N	N
i	31	30	N	N
i	31	31	N	N
i	31	32	N	N
i	31	35	N	N
i	31	3530	N	N
i	31	2d32313437343833363438	N	N
i	31	32313437343833363437	N	N
p	31	7b617d	N	N
p	31	7b612c627d	N	N
p	31	7b612c622c637d	N	N
p	31	7b612c622c632c312c647d	N	N
p	31	7b307d	N	N
p	31	7b2d317d	N	N
p	31	7b312c307d	N	N
p	31	7b7d	5b5d	5b5d
p	31	7b612c307d	N	N
p	31	7b666f6f2c6261727d	N	N
p	31	7b772c302c312c307d	N	N
p	31	7b762c752c302c742c317d	N	N
p	31	7b612c20317d	N	N
p	31	7b39397d	N	N
p	31	7b6e65737465642c782c792c7a7d	N	N
k	32	61	N	N
k	32	62	N	N
k	32	6e6573746564	N	N
k	32	666f6f	N	N
k	32	6b3339	N	N
k	32		N	N
k	32	6d697373696e67	N	N
k	32	c3a96b6579	N	N
k	32	6e756d5f61667465725f737472696e675f706164	N	N
k	32	77	N	N
i	32	2d33	N	N
i	32	2d32	N	N
i	32	2d31	N	N
i	32	30	N	N
i	32	31	N	N
i	32	32	N	N
i	32	35	N	N
i	32	3530	N	N
i	32	2d32313437343833363438	N	N
i	32	32313437343833363437	N	N
p	32	7b617d	N	N
p	32	7b612c627d	N	N
p	32	7b612c622c637d	N	N
p	32	7b612c622c632c312c647d	N	N
p	32	7b307d	N	N
p	32	7b2d317d	N	N
p	32	7b312c307d	N	N
p	32	7b7d	7b7d	7b7d
p	32	7b612c307d	N	N
p	32	7b666f6f2c6261727d	N	N
p	32	7b772c302c312c307d	N	N
p	32	7b762c752c302c742c317d	N	N
p	32	7b612c20317d	N	N
p	32	7b39397d	N	N
p	32	7b6e65737465642c782c792c7a7d	N	N
k	33	61	N	N
k	33	62	N	N
k	33	6e6573746564	N	N
k	33	666f6f	N	N
k	33	6b3339	N	N
k	33		N	N
k	33	6d697373696e67	N	N
k	33	c3a96b6579	N	N
k	33	6e756d5f61667465725f737472696e675f706164	N	N
k	33	77	N	N
i	33	2d33	N	N
i	33	2d32	N	N
i	33	2d31	6e756c6c	N
i	33	30	6e756c6c	N
i	33	31	N	N
i	33	32	N	N
i	33	35	N	N
i	33	3530	N	N
i	33	2d32313437343833363438	N	N
i	33	32313437343833363437	N	N
p	33	7b617d	N	N
p	33	7b612c627d	N	N
p	33	7b612c622c637d	N	N
p	33	7b612c622c632c312c647d	N	N
p	33	7b307d	6e756c6c	N
p	33	7b2d317d	6e756c6c	N
p	33	7b312c307d	N	N
p	33	7b7d	5b6e756c6c5d	5b6e756c6c5d
p	33	7b612c307d	N	N
p	33	7b666f6f2c6261727d	N	N
p	33	7b772c302c312c307d	N	N
p	33	7b762c752c302c742c317d	N	N
p	33	7b612c20317d	N	N
p	33	7b39397d	N	N
p	33	7b6e65737465642c782c792c7a7d	N	N
k	34	61	N	N
k	34	62	N	N
k	34	6e6573746564	N	N
k	34	666f6f	N	N
k	34	6b3339	N	N
k	34		N	N
k	34	6d697373696e67	N	N
k	34	c3a96b6579	N	N
k	34	6e756d5f61667465725f737472696e675f706164	N	N
k	34	77	N	N
i	34	2d33	N	N
i	34	2d32	N	N
i	34	2d31	31	31
i	34	30	31	31
i	34	31	N	N
i	34	32	N	N
i	34	35	N	N
i	34	3530	N	N
i	34	2d32313437343833363438	N	N
i	34	32313437343833363437	N	N
p	34	7b617d	N	N
p	34	7b612c627d	N	N
p	34	7b612c622c637d	N	N
p	34	7b612c622c632c312c647d	N	N
p	34	7b307d	31	31
p	34	7b2d317d	31	31
p	34	7b312c307d	N	N
p	34	7b7d	5b315d	5b315d
p	34	7b612c307d	N	N
p	34	7b666f6f2c6261727d	N	N
p	34	7b772c302c312c307d	N	N
p	34	7b762c752c302c742c317d	N	N
p	34	7b612c20317d	N	N
p	34	7b39397d	N	N
p	34	7b6e65737465642c782c792c7a7d	N	N
k	35	61	N	N
k	35	62	N	N
k	35	6e6573746564	N	N
k	35	666f6f	N	N
k	35	6b3339	N	N
k	35		N	N
k	35	6d697373696e67	N	N
k	35	c3a96b6579	N	N
k	35	6e756d5f61667465725f737472696e675f706164	N	N
k	35	77	N	N
i	35	2d33	N	N
i	35	2d32	N	N
i	35	2d31	5b5d	5b5d
i	35	30	5b5d	5b5d
i	35	31	N	N
i	35	32	N	N
i	35	35	N	N
i	35	3530	N	N
i	35	2d32313437343833363438	N	N
i	35	32313437343833363437	N	N
p	35	7b617d	N	N
p	35	7b612c627d	N	N
p	35	7b612c622c637d	N	N
p	35	7b612c622c632c312c647d	N	N
p	35	7b307d	5b5d	5b5d
p	35	7b2d317d	5b5d	5b5d
p	35	7b312c307d	N	N
p	35	7b7d	5b5b5d5d	5b5b5d5d
p	35	7b612c307d	N	N
p	35	7b666f6f2c6261727d	N	N
p	35	7b772c302c312c307d	N	N
p	35	7b762c752c302c742c317d	N	N
p	35	7b612c20317d	N	N
p	35	7b39397d	N	N
p	35	7b6e65737465642c782c792c7a7d	N	N
k	36	61	N	N
k	36	62	N	N
k	36	6e6573746564	N	N
k	36	666f6f	N	N
k	36	6b3339	N	N
k	36		N	N
k	36	6d697373696e67	N	N
k	36	c3a96b6579	N	N
k	36	6e756d5f61667465725f737472696e675f706164	N	N
k	36	77	N	N
i	36	2d33	N	N
i	36	2d32	N	N
i	36	2d31	7b7d	7b7d
i	36	30	7b7d	7b7d
i	36	31	N	N
i	36	32	N	N
i	36	35	N	N
i	36	3530	N	N
i	36	2d32313437343833363438	N	N
i	36	32313437343833363437	N	N
p	36	7b617d	N	N
p	36	7b612c627d	N	N
p	36	7b612c622c637d	N	N
p	36	7b612c622c632c312c647d	N	N
p	36	7b307d	7b7d	7b7d
p	36	7b2d317d	7b7d	7b7d
p	36	7b312c307d	N	N
p	36	7b7d	5b7b7d5d	5b7b7d5d
p	36	7b612c307d	N	N
p	36	7b666f6f2c6261727d	N	N
p	36	7b772c302c312c307d	N	N
p	36	7b762c752c302c742c317d	N	N
p	36	7b612c20317d	N	N
p	36	7b39397d	N	N
p	36	7b6e65737465642c782c792c7a7d	N	N
k	37	61	N	N
k	37	62	N	N
k	37	6e6573746564	N	N
k	37	666f6f	N	N
k	37	6b3339	N	N
k	37		N	N
k	37	6d697373696e67	N	N
k	37	c3a96b6579	N	N
k	37	6e756d5f61667465725f737472696e675f706164	N	N
k	37	77	N	N
i	37	2d33	31	31
i	37	2d32	32	32
i	37	2d31	33	33
i	37	30	31	31
i	37	31	32	32
i	37	32	33	33
i	37	35	N	N
i	37	3530	N	N
i	37	2d32313437343833363438	N	N
i	37	32313437343833363437	N	N
p	37	7b617d	N	N
p	37	7b612c627d	N	N
p	37	7b612c622c637d	N	N
p	37	7b612c622c632c312c647d	N	N
p	37	7b307d	31	31
p	37	7b2d317d	33	33
p	37	7b312c307d	N	N
p	37	7b7d	5b312c20322c20335d	5b312c20322c20335d
p	37	7b612c307d	N	N
p	37	7b666f6f2c6261727d	N	N
p	37	7b772c302c312c307d	N	N
p	37	7b762c752c302c742c317d	N	N
p	37	7b612c20317d	N	N
p	37	7b39397d	N	N
p	37	7b6e65737465642c782c792c7a7d	N	N
k	38	61	N	N
k	38	62	N	N
k	38	6e6573746564	N	N
k	38	666f6f	N	N
k	38	6b3339	N	N
k	38		N	N
k	38	6d697373696e67	N	N
k	38	c3a96b6579	N	N
k	38	6e756d5f61667465725f737472696e675f706164	N	N
k	38	77	N	N
i	38	2d33	226122	61
i	38	2d32	226222	62
i	38	2d31	226322	63
i	38	30	226122	61
i	38	31	226222	62
i	38	32	226322	63
i	38	35	N	N
i	38	3530	N	N
i	38	2d32313437343833363438	N	N
i	38	32313437343833363437	N	N
p	38	7b617d	N	N
p	38	7b612c627d	N	N
p	38	7b612c622c637d	N	N
p	38	7b612c622c632c312c647d	N	N
p	38	7b307d	226122	61
p	38	7b2d317d	226322	63
p	38	7b312c307d	N	N
p	38	7b7d	5b2261222c202262222c202263225d	5b2261222c202262222c202263225d
p	38	7b612c307d	N	N
p	38	7b666f6f2c6261727d	N	N
p	38	7b772c302c312c307d	N	N
p	38	7b762c752c302c742c317d	N	N
p	38	7b612c20317d	N	N
p	38	7b39397d	N	N
p	38	7b6e65737465642c782c792c7a7d	N	N
k	39	61	N	N
k	39	62	N	N
k	39	6e6573746564	N	N
k	39	666f6f	N	N
k	39	6b3339	N	N
k	39		N	N
k	39	6d697373696e67	N	N
k	39	c3a96b6579	N	N
k	39	6e756d5f61667465725f737472696e675f706164	N	N
k	39	77	N	N
i	39	2d33	66616c7365	66616c7365
i	39	2d32	6e756c6c	N
i	39	2d31	332e35	332e35
i	39	30	31	31
i	39	31	2274776f22	74776f
i	39	32	74727565	74727565
i	39	35	332e35	332e35
i	39	3530	N	N
i	39	2d32313437343833363438	N	N
i	39	32313437343833363437	N	N
p	39	7b617d	N	N
p	39	7b612c627d	N	N
p	39	7b612c622c637d	N	N
p	39	7b612c622c632c312c647d	N	N
p	39	7b307d	31	31
p	39	7b2d317d	332e35	332e35
p	39	7b312c307d	N	N
p	39	7b7d	5b312c202274776f222c20747275652c2066616c73652c206e756c6c2c20332e355d	5b312c202274776f222c20747275652c2066616c73652c206e756c6c2c20332e355d
p	39	7b612c307d	N	N
p	39	7b666f6f2c6261727d	N	N
p	39	7b772c302c312c307d	N	N
p	39	7b762c752c302c742c317d	N	N
p	39	7b612c20317d	N	N
p	39	7b39397d	N	N
p	39	7b6e65737465642c782c792c7a7d	N	N
k	40	61	N	N
k	40	62	N	N
k	40	6e6573746564	N	N
k	40	666f6f	N	N
k	40	6b3339	N	N
k	40		N	N
k	40	6d697373696e67	N	N
k	40	c3a96b6579	N	N
k	40	6e756d5f61667465725f737472696e675f706164	N	N
k	40	77	N	N
i	40	2d33	5b312c20325d	5b312c20325d
i	40	2d32	5b332c20345d	5b332c20345d
i	40	2d31	5b5b352c205b362c205b375d5d5d5d	5b5b352c205b362c205b375d5d5d5d
i	40	30	5b312c20325d	5b312c20325d
i	40	31	5b332c20345d	5b332c20345d
i	40	32	5b5b352c205b362c205b375d5d5d5d	5b5b352c205b362c205b375d5d5d5d
i	40	35	N	N
i	40	3530	N	N
i	40	2d32313437343833363438	N	N
i	40	32313437343833363437	N	N
p	40	7b617d	N	N
p	40	7b612c627d	N	N
p	40	7b612c622c637d	N	N
p	40	7b612c622c632c312c647d	N	N
p	40	7b307d	5b312c20325d	5b312c20325d
p	40	7b2d317d	5b5b352c205b362c205b375d5d5d5d	5b5b352c205b362c205b375d5d5d5d
p	40	7b312c307d	33	33
p	40	7b7d	5b5b312c20325d2c205b332c20345d2c205b5b352c205b362c205b375d5d5d5d5d	5b5b312c20325d2c205b332c20345d2c205b5b352c205b362c205b375d5d5d5d5d
p	40	7b612c307d	N	N
p	40	7b666f6f2c6261727d	N	N
p	40	7b772c302c312c307d	N	N
p	40	7b762c752c302c742c317d	N	N
p	40	7b612c20317d	N	N
p	40	7b39397d	N	N
p	40	7b6e65737465642c782c792c7a7d	N	N
k	41	61	N	N
k	41	62	N	N
k	41	6e6573746564	N	N
k	41	666f6f	N	N
k	41	6b3339	N	N
k	41		N	N
k	41	6d697373696e67	N	N
k	41	c3a96b6579	N	N
k	41	6e756d5f61667465725f737472696e675f706164	N	N
k	41	77	N	N
i	41	2d33	3637	3637
i	41	2d32	3638	3638
i	41	2d31	3639	3639
i	41	30	30	30
i	41	31	31	31
i	41	32	32	32
i	41	35	35	35
i	41	3530	3530	3530
i	41	2d32313437343833363438	N	N
i	41	32313437343833363437	N	N
p	41	7b617d	N	N
p	41	7b612c627d	N	N
p	41	7b612c622c637d	N	N
p	41	7b612c622c632c312c647d	N	N
p	41	7b307d	30	30
p	41	7b2d317d	3639	3639
p	41	7b312c307d	N	N
p	41	7b7d	5b302c20312c20322c20332c20342c20352c20362c20372c20382c20392c2031302c2031312c2031322c2031332c2031342c2031352c2031362c2031372c2031382c2031392c2032302c2032312c2032322c2032332c2032342c2032352c2032362c2032372c2032382c2032392c2033302c2033312c2033322c2033332c2033342c2033352c2033362c2033372c2033382c2033392c2034302c2034312c2034322c2034332c2034342c2034352c2034362c2034372c2034382c2034392c2035302c2035312c2035322c2035332c2035342c2035352c2035362c2035372c2035382c2035392c2036302c2036312c2036322c2036332c2036342c2036352c2036362c2036372c2036382c2036395d	5b302c20312c20322c20332c20342c20352c20362c20372c20382c20392c2031302c2031312c2031322c2031332c2031342c2031352c2031362c2031372c2031382c2031392c2032302c2032312c2032322c2032332c2032342c2032352c2032362c2032372c2032382c2032392c2033302c2033312c2033322c2033332c2033342c2033352c2033362c2033372c2033382c2033392c2034302c2034312c2034322c2034332c2034342c2034352c2034362c2034372c2034382c2034392c2035302c2035312c2035322c2035332c2035342c2035352c2035362c2035372c2035382c2035392c2036302c2036312c2036322c2036332c2036342c2036352c2036362c2036372c2036382c2036395d
p	41	7b612c307d	N	N
p	41	7b666f6f2c6261727d	N	N
p	41	7b772c302c312c307d	N	N
p	41	7b762c752c302c742c317d	N	N
p	41	7b612c20317d	N	N
p	41	7b39397d	N	N
p	41	7b6e65737465642c782c792c7a7d	N	N
k	42	61	N	N
k	42	62	N	N
k	42	6e6573746564	N	N
k	42	666f6f	N	N
k	42	6b3339	N	N
k	42		N	N
k	42	6d697373696e67	N	N
k	42	c3a96b6579	N	N
k	42	6e756d5f61667465725f737472696e675f706164	N	N
k	42	77	N	N
i	42	2d33	2273333722	733337
i	42	2d32	2273333822	733338
i	42	2d31	2273333922	733339
i	42	30	22733022	7330
i	42	31	22733122	7331
i	42	32	22733222	7332
i	42	35	22733522	7335
i	42	3530	N	N
i	42	2d32313437343833363438	N	N
i	42	32313437343833363437	N	N
p	42	7b617d	N	N
p	42	7b612c627d	N	N
p	42	7b612c622c637d	N	N
p	42	7b612c622c632c312c647d	N	N
p	42	7b307d	22733022	7330
p	42	7b2d317d	2273333922	733339
p	42	7b312c307d	N	N
p	42	7b7d	5b227330222c20227331222c20227332222c20227333222c20227334222c20227335222c20227336222c20227337222c20227338222c20227339222c2022733130222c2022733131222c2022733132222c2022733133222c2022733134222c2022733135222c2022733136222c2022733137222c2022733138222c2022733139222c2022733230222c2022733231222c2022733232222c2022733233222c2022733234222c2022733235222c2022733236222c2022733237222c2022733238222c2022733239222c2022733330222c2022733331222c2022733332222c2022733333222c2022733334222c2022733335222c2022733336222c2022733337222c2022733338222c2022733339225d	5b227330222c20227331222c20227332222c20227333222c20227334222c20227335222c20227336222c20227337222c20227338222c20227339222c2022733130222c2022733131222c2022733132222c2022733133222c2022733134222c2022733135222c2022733136222c2022733137222c2022733138222c2022733139222c2022733230222c2022733231222c2022733232222c2022733233222c2022733234222c2022733235222c2022733236222c2022733237222c2022733238222c2022733239222c2022733330222c2022733331222c2022733332222c2022733333222c2022733334222c2022733335222c2022733336222c2022733337222c2022733338222c2022733339225d
p	42	7b612c307d	N	N
p	42	7b666f6f2c6261727d	N	N
p	42	7b772c302c312c307d	N	N
p	42	7b762c752c302c742c317d	N	N
p	42	7b612c20317d	N	N
p	42	7b39397d	N	N
p	42	7b6e65737465642c782c792c7a7d	N	N
k	43	61	N	N
k	43	62	N	N
k	43	6e6573746564	N	N
k	43	666f6f	N	N
k	43	6b3339	N	N
k	43		N	N
k	43	6d697373696e67	N	N
k	43	c3a96b6579	N	N
k	43	6e756d5f61667465725f737472696e675f706164	N	N
k	43	77	N	N
i	43	2d33	N	N
i	43	2d32	N	N
i	43	2d31	5b5b5b5b5b5b5b5b5b5b5b5b5b5b5b5b5b5b5b2264656570225d5d5d5d5d5d5d5d5d5d5d5d5d5d5d5d5d5d5d	5b5b5b5b5b5b5b5b5b5b5b5b5b5b5b5b5b5b5b2264656570225d5d5d5d5d5d5d5d5d5d5d5d5d5d5d5d5d5d5d
i	43	30	5b5b5b5b5b5b5b5b5b5b5b5b5b5b5b5b5b5b5b2264656570225d5d5d5d5d5d5d5d5d5d5d5d5d5d5d5d5d5d5d	5b5b5b5b5b5b5b5b5b5b5b5b5b5b5b5b5b5b5b2264656570225d5d5d5d5d5d5d5d5d5d5d5d5d5d5d5d5d5d5d
i	43	31	N	N
i	43	32	N	N
i	43	35	N	N
i	43	3530	N	N
i	43	2d32313437343833363438	N	N
i	43	32313437343833363437	N	N
p	43	7b617d	N	N
p	43	7b612c627d	N	N
p	43	7b612c622c637d	N	N
p	43	7b612c622c632c312c647d	N	N
p	43	7b307d	5b5b5b5b5b5b5b5b5b5b5b5b5b5b5b5b5b5b5b2264656570225d5d5d5d5d5d5d5d5d5d5d5d5d5d5d5d5d5d5d	5b5b5b5b5b5b5b5b5b5b5b5b5b5b5b5b5b5b5b2264656570225d5d5d5d5d5d5d5d5d5d5d5d5d5d5d5d5d5d5d
p	43	7b2d317d	5b5b5b5b5b5b5b5b5b5b5b5b5b5b5b5b5b5b5b2264656570225d5d5d5d5d5d5d5d5d5d5d5d5d5d5d5d5d5d5d	5b5b5b5b5b5b5b5b5b5b5b5b5b5b5b5b5b5b5b2264656570225d5d5d5d5d5d5d5d5d5d5d5d5d5d5d5d5d5d5d
p	43	7b312c307d	N	N
p	43	7b7d	5b5b5b5b5b5b5b5b5b5b5b5b5b5b5b5b5b5b5b5b2264656570225d5d5d5d5d5d5d5d5d5d5d5d5d5d5d5d5d5d5d5d	5b5b5b5b5b5b5b5b5b5b5b5b5b5b5b5b5b5b5b5b2264656570225d5d5d5d5d5d5d5d5d5d5d5d5d5d5d5d5d5d5d5d
p	43	7b612c307d	N	N
p	43	7b666f6f2c6261727d	N	N
p	43	7b772c302c312c307d	N	N
p	43	7b762c752c302c742c317d	N	N
p	43	7b612c20317d	N	N
p	43	7b39397d	N	N
p	43	7b6e65737465642c782c792c7a7d	N	N
k	44	61	31	31
k	44	62	N	N
k	44	6e6573746564	N	N
k	44	666f6f	N	N
k	44	6b3339	N	N
k	44		N	N
k	44	6d697373696e67	N	N
k	44	c3a96b6579	N	N
k	44	6e756d5f61667465725f737472696e675f706164	N	N
k	44	77	N	N
i	44	2d33	N	N
i	44	2d32	N	N
i	44	2d31	N	N
i	44	30	N	N
i	44	31	N	N
i	44	32	N	N
i	44	35	N	N
i	44	3530	N	N
i	44	2d32313437343833363438	N	N
i	44	32313437343833363437	N	N
p	44	7b617d	31	31
p	44	7b612c627d	N	N
p	44	7b612c622c637d	N	N
p	44	7b612c622c632c312c647d	N	N
p	44	7b307d	N	N
p	44	7b2d317d	N	N
p	44	7b312c307d	N	N
p	44	7b7d	7b2261223a20317d	7b2261223a20317d
p	44	7b612c307d	N	N
p	44	7b666f6f2c6261727d	N	N
p	44	7b772c302c312c307d	N	N
p	44	7b762c752c302c742c317d	N	N
p	44	7b612c20317d	N	N
p	44	7b39397d	N	N
p	44	7b6e65737465642c782c792c7a7d	N	N
k	45	61	6e756c6c	N
k	45	62	N	N
k	45	6e6573746564	N	N
k	45	666f6f	N	N
k	45	6b3339	N	N
k	45		N	N
k	45	6d697373696e67	N	N
k	45	c3a96b6579	N	N
k	45	6e756d5f61667465725f737472696e675f706164	N	N
k	45	77	N	N
i	45	2d33	N	N
i	45	2d32	N	N
i	45	2d31	N	N
i	45	30	N	N
i	45	31	N	N
i	45	32	N	N
i	45	35	N	N
i	45	3530	N	N
i	45	2d32313437343833363438	N	N
i	45	32313437343833363437	N	N
p	45	7b617d	6e756c6c	N
p	45	7b612c627d	N	N
p	45	7b612c622c637d	N	N
p	45	7b612c622c632c312c647d	N	N
p	45	7b307d	N	N
p	45	7b2d317d	N	N
p	45	7b312c307d	N	N
p	45	7b7d	7b2261223a206e756c6c7d	7b2261223a206e756c6c7d
p	45	7b612c307d	N	N
p	45	7b666f6f2c6261727d	N	N
p	45	7b772c302c312c307d	N	N
p	45	7b762c752c302c742c317d	N	N
p	45	7b612c20317d	N	N
p	45	7b39397d	N	N
p	45	7b6e65737465642c782c792c7a7d	N	N
k	46	61	N	N
k	46	62	N	N
k	46	6e6573746564	N	N
k	46	666f6f	N	N
k	46	6b3339	N	N
k	46		31	31
k	46	6d697373696e67	N	N
k	46	c3a96b6579	N	N
k	46	6e756d5f61667465725f737472696e675f706164	N	N
k	46	77	N	N
i	46	2d33	N	N
i	46	2d32	N	N
i	46	2d31	N	N
i	46	30	N	N
i	46	31	N	N
i	46	32	N	N
i	46	35	N	N
i	46	3530	N	N
i	46	2d32313437343833363438	N	N
i	46	32313437343833363437	N	N
p	46	7b617d	N	N
p	46	7b612c627d	N	N
p	46	7b612c622c637d	N	N
p	46	7b612c622c632c312c647d	N	N
p	46	7b307d	N	N
p	46	7b2d317d	N	N
p	46	7b312c307d	N	N
p	46	7b7d	7b22223a20317d	7b22223a20317d
p	46	7b612c307d	N	N
p	46	7b666f6f2c6261727d	N	N
p	46	7b772c302c312c307d	N	N
p	46	7b762c752c302c742c317d	N	N
p	46	7b612c20317d	N	N
p	46	7b39397d	N	N
p	46	7b6e65737465642c782c792c7a7d	N	N
k	47	61	31	31
k	47	62	32	32
k	47	6e6573746564	N	N
k	47	666f6f	N	N
k	47	6b3339	N	N
k	47		N	N
k	47	6d697373696e67	N	N
k	47	c3a96b6579	N	N
k	47	6e756d5f61667465725f737472696e675f706164	N	N
k	47	77	N	N
i	47	2d33	N	N
i	47	2d32	N	N
i	47	2d31	N	N
i	47	30	N	N
i	47	31	N	N
i	47	32	N	N
i	47	35	N	N
i	47	3530	N	N
i	47	2d32313437343833363438	N	N
i	47	32313437343833363437	N	N
p	47	7b617d	31	31
p	47	7b612c627d	N	N
p	47	7b612c622c637d	N	N
p	47	7b612c622c632c312c647d	N	N
p	47	7b307d	N	N
p	47	7b2d317d	N	N
p	47	7b312c307d	N	N
p	47	7b7d	7b2261223a20312c202262223a20327d	7b2261223a20312c202262223a20327d
p	47	7b612c307d	N	N
p	47	7b666f6f2c6261727d	N	N
p	47	7b772c302c312c307d	N	N
p	47	7b762c752c302c742c317d	N	N
p	47	7b612c20317d	N	N
p	47	7b39397d	N	N
p	47	7b6e65737465642c782c792c7a7d	N	N
k	48	61	31	31
k	48	62	32	32
k	48	6e6573746564	N	N
k	48	666f6f	N	N
k	48	6b3339	N	N
k	48		N	N
k	48	6d697373696e67	N	N
k	48	c3a96b6579	N	N
k	48	6e756d5f61667465725f737472696e675f706164	N	N
k	48	77	N	N
i	48	2d33	N	N
i	48	2d32	N	N
i	48	2d31	N	N
i	48	30	N	N
i	48	31	N	N
i	48	32	N	N
i	48	35	N	N
i	48	3530	N	N
i	48	2d32313437343833363438	N	N
i	48	32313437343833363437	N	N
p	48	7b617d	31	31
p	48	7b612c627d	N	N
p	48	7b612c622c637d	N	N
p	48	7b612c622c632c312c647d	N	N
p	48	7b307d	N	N
p	48	7b2d317d	N	N
p	48	7b312c307d	N	N
p	48	7b7d	7b2261223a20312c202262223a20327d	7b2261223a20312c202262223a20327d
p	48	7b612c307d	N	N
p	48	7b666f6f2c6261727d	N	N
p	48	7b772c302c312c307d	N	N
p	48	7b762c752c302c742c317d	N	N
p	48	7b612c20317d	N	N
p	48	7b39397d	N	N
p	48	7b6e65737465642c782c792c7a7d	N	N
k	49	61	32	32
k	49	62	N	N
k	49	6e6573746564	N	N
k	49	666f6f	N	N
k	49	6b3339	N	N
k	49		N	N
k	49	6d697373696e67	N	N
k	49	c3a96b6579	N	N
k	49	6e756d5f61667465725f737472696e675f706164	N	N
k	49	77	N	N
i	49	2d33	N	N
i	49	2d32	N	N
i	49	2d31	N	N
i	49	30	N	N
i	49	31	N	N
i	49	32	N	N
i	49	35	N	N
i	49	3530	N	N
i	49	2d32313437343833363438	N	N
i	49	32313437343833363437	N	N
p	49	7b617d	32	32
p	49	7b612c627d	N	N
p	49	7b612c622c637d	N	N
p	49	7b612c622c632c312c647d	N	N
p	49	7b307d	N	N
p	49	7b2d317d	N	N
p	49	7b312c307d	N	N
p	49	7b7d	7b2261223a20327d	7b2261223a20327d
p	49	7b612c307d	N	N
p	49	7b666f6f2c6261727d	N	N
p	49	7b772c302c312c307d	N	N
p	49	7b762c752c302c742c317d	N	N
p	49	7b612c20317d	N	N
p	49	7b39397d	N	N
p	49	7b6e65737465642c782c792c7a7d	N	N
k	50	61	34	34
k	50	62	33	33
k	50	6e6573746564	N	N
k	50	666f6f	N	N
k	50	6b3339	N	N
k	50		N	N
k	50	6d697373696e67	N	N
k	50	c3a96b6579	N	N
k	50	6e756d5f61667465725f737472696e675f706164	N	N
k	50	77	N	N
i	50	2d33	N	N
i	50	2d32	N	N
i	50	2d31	N	N
i	50	30	N	N
i	50	31	N	N
i	50	32	N	N
i	50	35	N	N
i	50	3530	N	N
i	50	2d32313437343833363438	N	N
i	50	32313437343833363437	N	N
p	50	7b617d	34	34
p	50	7b612c627d	N	N
p	50	7b612c622c637d	N	N
p	50	7b612c622c632c312c647d	N	N
p	50	7b307d	N	N
p	50	7b2d317d	N	N
p	50	7b312c307d	N	N
p	50	7b7d	7b2261223a20342c202262223a20337d	7b2261223a20342c202262223a20337d
p	50	7b612c307d	N	N
p	50	7b666f6f2c6261727d	N	N
p	50	7b772c302c312c307d	N	N
p	50	7b762c752c302c742c317d	N	N
p	50	7b612c20317d	N	N
p	50	7b39397d	N	N
p	50	7b6e65737465642c782c792c7a7d	N	N
k	51	61	N	N
k	51	62	32	32
k	51	6e6573746564	N	N
k	51	666f6f	N	N
k	51	6b3339	N	N
k	51		N	N
k	51	6d697373696e67	N	N
k	51	c3a96b6579	N	N
k	51	6e756d5f61667465725f737472696e675f706164	N	N
k	51	77	N	N
i	51	2d33	N	N
i	51	2d32	N	N
i	51	2d31	N	N
i	51	30	N	N
i	51	31	N	N
i	51	32	N	N
i	51	35	N	N
i	51	3530	N	N
i	51	2d32313437343833363438	N	N
i	51	32313437343833363437	N	N
p	51	7b617d	N	N
p	51	7b612c627d	N	N
p	51	7b612c622c637d	N	N
p	51	7b612c622c632c312c647d	N	N
p	51	7b307d	N	N
p	51	7b2d317d	N	N
p	51	7b312c307d	N	N
p	51	7b7d	7b2262223a20322c202264223a20342c20226161223a20312c20226565223a20352c2022636363223a20337d	7b2262223a20322c202264223a20342c20226161223a20312c20226565223a20352c2022636363223a20337d
p	51	7b612c307d	N	N
p	51	7b666f6f2c6261727d	N	N
p	51	7b772c302c312c307d	N	N
p	51	7b762c752c302c742c317d	N	N
p	51	7b612c20317d	N	N
p	51	7b39397d	N	N
p	51	7b6e65737465642c782c792c7a7d	N	N
k	52	61	N	N
k	52	62	N	N
k	52	6e6573746564	7b2278223a207b2279223a207b227a223a206e756c6c7d7d7d	7b2278223a207b2279223a207b227a223a206e756c6c7d7d7d
k	52	666f6f	N	N
k	52	6b3339	N	N
k	52		N	N
k	52	6d697373696e67	N	N
k	52	c3a96b6579	N	N
k	52	6e756d5f61667465725f737472696e675f706164	N	N
k	52	77	N	N
i	52	2d33	N	N
i	52	2d32	N	N
i	52	2d31	N	N
i	52	30	N	N
i	52	31	N	N
i	52	32	N	N
i	52	35	N	N
i	52	3530	N	N
i	52	2d32313437343833363438	N	N
i	52	32313437343833363437	N	N
p	52	7b617d	N	N
p	52	7b612c627d	N	N
p	52	7b612c622c637d	N	N
p	52	7b612c622c632c312c647d	N	N
p	52	7b307d	N	N
p	52	7b2d317d	N	N
p	52	7b312c307d	N	N
p	52	7b7d	7b226b6579223a202276616c7565222c20226e6573746564223a207b2278223a207b2279223a207b227a223a206e756c6c7d7d7d2c2022616e6f74686572206b6579223a205b312c20322c20335d7d	7b226b6579223a202276616c7565222c20226e6573746564223a207b2278223a207b2279223a207b227a223a206e756c6c7d7d7d2c2022616e6f74686572206b6579223a205b312c20322c20335d7d
p	52	7b612c307d	N	N
p	52	7b666f6f2c6261727d	N	N
p	52	7b772c302c312c307d	N	N
p	52	7b762c752c302c742c317d	N	N
p	52	7b612c20317d	N	N
p	52	7b39397d	N	N
p	52	7b6e65737465642c782c792c7a7d	6e756c6c	N
k	53	61	7b2262223a207b2263223a205b312c207b2264223a205b322c205b332c20345d5d7d5d7d7d	7b2262223a207b2263223a205b312c207b2264223a205b322c205b332c20345d5d7d5d7d7d
k	53	62	N	N
k	53	6e6573746564	N	N
k	53	666f6f	N	N
k	53	6b3339	N	N
k	53		N	N
k	53	6d697373696e67	N	N
k	53	c3a96b6579	N	N
k	53	6e756d5f61667465725f737472696e675f706164	N	N
k	53	77	N	N
i	53	2d33	N	N
i	53	2d32	N	N
i	53	2d31	N	N
i	53	30	N	N
i	53	31	N	N
i	53	32	N	N
i	53	35	N	N
i	53	3530	N	N
i	53	2d32313437343833363438	N	N
i	53	32313437343833363437	N	N
p	53	7b617d	7b2262223a207b2263223a205b312c207b2264223a205b322c205b332c20345d5d7d5d7d7d	7b2262223a207b2263223a205b312c207b2264223a205b322c205b332c20345d5d7d5d7d7d
p	53	7b612c627d	7b2263223a205b312c207b2264223a205b322c205b332c20345d5d7d5d7d	7b2263223a205b312c207b2264223a205b322c205b332c20345d5d7d5d7d
p	53	7b612c622c637d	5b312c207b2264223a205b322c205b332c20345d5d7d5d	5b312c207b2264223a205b322c205b332c20345d5d7d5d
p	53	7b612c622c632c312c647d	5b322c205b332c20345d5d	5b322c205b332c20345d5d
p	53	7b307d	N	N
p	53	7b2d317d	N	N
p	53	7b312c307d	N	N
p	53	7b7d	7b2261223a207b2262223a207b2263223a205b312c207b2264223a205b322c205b332c20345d5d7d5d7d7d7d	7b2261223a207b2262223a207b2263223a205b312c207b2264223a205b322c205b332c20345d5d7d5d7d7d7d
p	53	7b612c307d	N	N
p	53	7b666f6f2c6261727d	N	N
p	53	7b772c302c312c307d	N	N
p	53	7b762c752c302c742c317d	N	N
p	53	7b612c20317d	N	N
p	53	7b39397d	N	N
p	53	7b6e65737465642c782c792c7a7d	N	N
k	54	61	N	N
k	54	62	N	N
k	54	6e6573746564	N	N
k	54	666f6f	N	N
k	54	6b3339	N	N
k	54		N	N
k	54	6d697373696e67	N	N
k	54	c3a96b6579	N	N
k	54	6e756d5f61667465725f737472696e675f706164	N	N
k	54	77	N	N
i	54	2d33	N	N
i	54	2d32	N	N
i	54	2d31	N	N
i	54	30	N	N
i	54	31	N	N
i	54	32	N	N
i	54	35	N	N
i	54	3530	N	N
i	54	2d32313437343833363438	N	N
i	54	32313437343833363437	N	N
p	54	7b617d	N	N
p	54	7b612c627d	N	N
p	54	7b612c622c637d	N	N
p	54	7b612c622c632c312c647d	N	N
p	54	7b307d	N	N
p	54	7b2d317d	N	N
p	54	7b312c307d	N	N
p	54	7b7d	7b226d223a20332c20227a223a20322c20226c6f6e675f6b65795f746861745f69735f6d7563685f6c6f6e6765725f7468616e5f7468655f6f7468657273223a20317d	7b226d223a20332c20227a223a20322c20226c6f6e675f6b65795f746861745f69735f6d7563685f6c6f6e6765725f7468616e5f7468655f6f7468657273223a20317d
p	54	7b612c307d	N	N
p	54	7b666f6f2c6261727d	N	N
p	54	7b772c302c312c307d	N	N
p	54	7b762c752c302c742c317d	N	N
p	54	7b612c20317d	N	N
p	54	7b39397d	N	N
p	54	7b6e65737465642c782c792c7a7d	N	N
k	55	61	N	N
k	55	62	N	N
k	55	6e6573746564	N	N
k	55	666f6f	N	N
k	55	6b3339	3339	3339
k	55		N	N
k	55	6d697373696e67	N	N
k	55	c3a96b6579	N	N
k	55	6e756d5f61667465725f737472696e675f706164	N	N
k	55	77	N	N
i	55	2d33	N	N
i	55	2d32	N	N
i	55	2d31	N	N
i	55	30	N	N
i	55	31	N	N
i	55	32	N	N
i	55	35	N	N
i	55	3530	N	N
i	55	2d32313437343833363438	N	N
i	55	32313437343833363437	N	N
p	55	7b617d	N	N
p	55	7b612c627d	N	N
p	55	7b612c622c637d	N	N
p	55	7b612c622c632c312c647d	N	N
p	55	7b307d	N	N
p	55	7b2d317d	N	N
p	55	7b312c307d	N	N
p	55	7b7d	7b226b30223a20302c20226b31223a20312c20226b32223a20322c20226b33223a20332c20226b34223a20342c20226b35223a20352c20226b36223a20362c20226b37223a20372c20226b38223a20382c20226b39223a20392c20226b3130223a2031302c20226b3131223a2031312c20226b3132223a2031322c20226b3133223a2031332c20226b3134223a2031342c20226b3135223a2031352c20226b3136223a2031362c20226b3137223a2031372c20226b3138223a2031382c20226b3139223a2031392c20226b3230223a2032302c20226b3231223a2032312c20226b3232223a2032322c20226b3233223a2032332c20226b3234223a2032342c20226b3235223a2032352c20226b3236223a2032362c20226b3237223a2032372c20226b3238223a2032382c20226b3239223a2032392c20226b3330223a2033302c20226b3331223a2033312c20226b3332223a2033322c20226b3333223a2033332c20226b3334223a2033342c20226b3335223a2033352c20226b3336223a2033362c20226b3337223a2033372c20226b3338223a2033382c20226b3339223a2033397d	7b226b30223a20302c20226b31223a20312c20226b32223a20322c20226b33223a20332c20226b34223a20342c20226b35223a20352c20226b36223a20362c20226b37223a20372c20226b38223a20382c20226b39223a20392c20226b3130223a2031302c20226b3131223a2031312c20226b3132223a2031322c20226b3133223a2031332c20226b3134223a2031342c20226b3135223a2031352c20226b3136223a2031362c20226b3137223a2031372c20226b3138223a2031382c20226b3139223a2031392c20226b3230223a2032302c20226b3231223a2032312c20226b3232223a2032322c20226b3233223a2032332c20226b3234223a2032342c20226b3235223a2032352c20226b3236223a2032362c20226b3237223a2032372c20226b3238223a2032382c20226b3239223a2032392c20226b3330223a2033302c20226b3331223a2033312c20226b3332223a2033322c20226b3333223a2033332c20226b3334223a2033342c20226b3335223a2033352c20226b3336223a2033362c20226b3337223a2033372c20226b3338223a2033382c20226b3339223a2033397d
p	55	7b612c307d	N	N
p	55	7b666f6f2c6261727d	N	N
p	55	7b772c302c312c307d	N	N
p	55	7b762c752c302c742c317d	N	N
p	55	7b612c20317d	N	N
p	55	7b39397d	N	N
p	55	7b6e65737465642c782c792c7a7d	N	N
k	56	61	N	N
k	56	62	N	N
k	56	6e6573746564	N	N
k	56	666f6f	N	N
k	56	6b3339	N	N
k	56		N	N
k	56	6d697373696e67	N	N
k	56	c3a96b6579	N	N
k	56	6e756d5f61667465725f737472696e675f706164	N	N
k	56	77	N	N
i	56	2d33	N	N
i	56	2d32	N	N
i	56	2d31	N	N
i	56	30	N	N
i	56	31	N	N
i	56	32	N	N
i	56	35	N	N
i	56	3530	N	N
i	56	2d32313437343833363438	N	N
i	56	32313437343833363437	N	N
p	56	7b617d	N	N
p	56	7b612c627d	N	N
p	56	7b612c622c637d	N	N
p	56	7b612c622c632c312c647d	N	N
p	56	7b307d	N	N
p	56	7b2d317d	N	N
p	56	7b312c307d	N	N
p	56	7b7d	7b22c3a9223a2022c3bc222c2022e4b896e7958c223a2022f09f9880227d	7b22c3a9223a2022c3bc222c2022e4b896e7958c223a2022f09f9880227d
p	56	7b612c307d	N	N
p	56	7b666f6f2c6261727d	N	N
p	56	7b772c302c312c307d	N	N
p	56	7b762c752c302c742c317d	N	N
p	56	7b612c20317d	N	N
p	56	7b39397d	N	N
p	56	7b6e65737465642c782c792c7a7d	N	N
k	57	61	N	N
k	57	62	N	N
k	57	6e6573746564	N	N
k	57	666f6f	N	N
k	57	6b3339	N	N
k	57		N	N
k	57	6d697373696e67	N	N
k	57	c3a96b6579	N	N
k	57	6e756d5f61667465725f737472696e675f706164	N	N
k	57	77	N	N
i	57	2d33	N	N
i	57	2d32	N	N
i	57	2d31	N	N
i	57	30	N	N
i	57	31	N	N
i	57	32	N	N
i	57	35	N	N
i	57	3530	N	N
i	57	2d32313437343833363438	N	N
i	57	32313437343833363437	N	N
p	57	7b617d	N	N
p	57	7b612c627d	N	N
p	57	7b612c622c637d	N	N
p	57	7b612c622c632c312c647d	N	N
p	57	7b307d	N	N
p	57	7b2d317d	N	N
p	57	7b312c307d	N	N
p	57	7b7d	7b226e223a20312e352c202278223a202279227d	7b226e223a20312e352c202278223a202279227d
p	57	7b612c307d	N	N
p	57	7b666f6f2c6261727d	N	N
p	57	7b772c302c312c307d	N	N
p	57	7b762c752c302c742c317d	N	N
p	57	7b612c20317d	N	N
p	57	7b39397d	N	N
p	57	7b6e65737465642c782c792c7a7d	N	N
k	58	61	N	N
k	58	62	N	N
k	58	6e6573746564	N	N
k	58	666f6f	N	N
k	58	6b3339	N	N
k	58		N	N
k	58	6d697373696e67	N	N
k	58	c3a96b6579	N	N
k	58	6e756d5f61667465725f737472696e675f706164	N	N
k	58	77	N	N
i	58	2d33	N	N
i	58	2d32	N	N
i	58	2d31	N	N
i	58	30	N	N
i	58	31	N	N
i	58	32	N	N
i	58	35	N	N
i	58	3530	N	N
i	58	2d32313437343833363438	N	N
i	58	32313437343833363437	N	N
p	58	7b617d	N	N
p	58	7b612c627d	N	N
p	58	7b612c622c637d	N	N
p	58	7b612c622c632c312c647d	N	N
p	58	7b307d	N	N
p	58	7b2d317d	N	N
p	58	7b312c307d	N	N
p	58	7b7d	7b226e223a20312c202273223a2022616263227d	7b226e223a20312c202273223a2022616263227d
p	58	7b612c307d	N	N
p	58	7b666f6f2c6261727d	N	N
p	58	7b772c302c312c307d	N	N
p	58	7b762c752c302c742c317d	N	N
p	58	7b612c20317d	N	N
p	58	7b39397d	N	N
p	58	7b6e65737465642c782c792c7a7d	N	N
k	59	61	N	N
k	59	62	N	N
k	59	6e6573746564	N	N
k	59	666f6f	N	N
k	59	6b3339	N	N
k	59		N	N
k	59	6d697373696e67	N	N
k	59	c3a96b6579	N	N
k	59	6e756d5f61667465725f737472696e675f706164	5b2261222c20312e32352c20226262222c20322e352c2022636363222c202d332e37355d	5b2261222c20312e32352c20226262222c20322e352c2022636363222c202d332e37355d
k	59	77	N	N
i	59	2d33	N	N
i	59	2d32	N	N
i	59	2d31	N	N
i	59	30	N	N
i	59	31	N	N
i	59	32	N	N
i	59	35	N	N
i	59	3530	N	N
i	59	2d32313437343833363438	N	N
i	59	32313437343833363437	N	N
p	59	7b617d	N	N
p	59	7b612c627d	N	N
p	59	7b612c622c637d	N	N
p	59	7b612c622c632c312c647d	N	N
p	59	7b307d	N	N
p	59	7b2d317d	N	N
p	59	7b312c307d	N	N
p	59	7b7d	7b226e756d5f61667465725f737472696e675f706164223a205b2261222c20312e32352c20226262222c20322e352c2022636363222c202d332e37355d7d	7b226e756d5f61667465725f737472696e675f706164223a205b2261222c20312e32352c20226262222c20322e352c2022636363222c202d332e37355d7d
p	59	7b612c307d	N	N
p	59	7b666f6f2c6261727d	N	N
p	59	7b772c302c312c307d	N	N
p	59	7b762c752c302c742c317d	N	N
p	59	7b612c20317d	N	N
p	59	7b39397d	N	N
p	59	7b6e65737465642c782c792c7a7d	N	N
k	60	61	N	N
k	60	62	N	N
k	60	6e6573746564	N	N
k	60	666f6f	N	N
k	60	6b3339	N	N
k	60		N	N
k	60	6d697373696e67	N	N
k	60	c3a96b6579	N	N
k	60	6e756d5f61667465725f737472696e675f706164	N	N
k	60	77	N	N
i	60	2d33	N	N
i	60	2d32	N	N
i	60	2d31	N	N
i	60	30	N	N
i	60	31	N	N
i	60	32	N	N
i	60	35	N	N
i	60	3530	N	N
i	60	2d32313437343833363438	N	N
i	60	32313437343833363437	N	N
p	60	7b617d	N	N
p	60	7b612c627d	N	N
p	60	7b612c622c637d	N	N
p	60	7b612c622c632c312c647d	N	N
p	60	7b307d	N	N
p	60	7b2d317d	N	N
p	60	7b312c307d	N	N
p	60	7b7d	7b226d69786564223a205b312c207b2261223a205b322e352c202278225d2c202262223a206e756c6c7d2c205b747275652c205b66616c73652c2032302e305d5d2c2022656e64225d7d	7b226d69786564223a205b312c207b2261223a205b322e352c202278225d2c202262223a206e756c6c7d2c205b747275652c205b66616c73652c2032302e305d5d2c2022656e64225d7d
p	60	7b612c307d	N	N
p	60	7b666f6f2c6261727d	N	N
p	60	7b772c302c312c307d	N	N
p	60	7b762c752c302c742c317d	N	N
p	60	7b612c20317d	N	N
p	60	7b39397d	N	N
p	60	7b6e65737465642c782c792c7a7d	N	N
k	61	61	N	N
k	61	62	N	N
k	61	6e6573746564	N	N
k	61	666f6f	N	N
k	61	6b3339	N	N
k	61		N	N
k	61	6d697373696e67	N	N
k	61	c3a96b6579	N	N
k	61	6e756d5f61667465725f737472696e675f706164	N	N
k	61	77	N	N
i	61	2d33	7b2262223a20327d	7b2262223a20327d
i	61	2d32	7b2261223a20327d	7b2261223a20327d
i	61	2d31	7b2263223a207b2264223a20317d7d	7b2263223a207b2264223a20317d7d
i	61	30	7b2261223a20312c202262223a20327d	7b2261223a20312c202262223a20327d
i	61	31	7b2261223a20317d	7b2261223a20317d
i	61	32	7b2262223a20327d	7b2262223a20327d
i	61	35	N	N
i	61	3530	N	N
i	61	2d32313437343833363438	N	N
i	61	32313437343833363437	N	N
p	61	7b617d	N	N
p	61	7b612c627d	N	N
p	61	7b612c622c637d	N	N
p	61	7b612c622c632c312c647d	N	N
p	61	7b307d	7b2261223a20312c202262223a20327d	7b2261223a20312c202262223a20327d
p	61	7b2d317d	7b2263223a207b2264223a20317d7d	7b2263223a207b2264223a20317d7d
p	61	7b312c307d	N	N
p	61	7b7d	5b7b2261223a20312c202262223a20327d2c207b2261223a20317d2c207b2262223a20327d2c207b2261223a20327d2c207b2263223a207b2264223a20317d7d5d	5b7b2261223a20312c202262223a20327d2c207b2261223a20317d2c207b2262223a20327d2c207b2261223a20327d2c207b2263223a207b2264223a20317d7d5d
p	61	7b612c307d	N	N
p	61	7b666f6f2c6261727d	N	N
p	61	7b772c302c312c307d	N	N
p	61	7b762c752c302c742c317d	N	N
p	61	7b612c20317d	N	N
p	61	7b39397d	N	N
p	61	7b6e65737465642c782c792c7a7d	N	N
k	62	61	5b312c20322c20335d	5b312c20322c20335d
k	62	62	7b2263223a202264227d	7b2263223a202264227d
k	62	6e6573746564	N	N
k	62	666f6f	N	N
k	62	6b3339	N	N
k	62		N	N
k	62	6d697373696e67	N	N
k	62	c3a96b6579	N	N
k	62	6e756d5f61667465725f737472696e675f706164	N	N
k	62	77	N	N
i	62	2d33	N	N
i	62	2d32	N	N
i	62	2d31	N	N
i	62	30	N	N
i	62	31	N	N
i	62	32	N	N
i	62	35	N	N
i	62	3530	N	N
i	62	2d32313437343833363438	N	N
i	62	32313437343833363437	N	N
p	62	7b617d	5b312c20322c20335d	5b312c20322c20335d
p	62	7b612c627d	N	N
p	62	7b612c622c637d	N	N
p	62	7b612c622c632c312c647d	N	N
p	62	7b307d	N	N
p	62	7b2d317d	N	N
p	62	7b312c307d	N	N
p	62	7b7d	7b2261223a205b312c20322c20335d2c202262223a207b2263223a202264227d2c202265223a202266227d	7b2261223a205b312c20322c20335d2c202262223a207b2263223a202264227d2c202265223a202266227d
p	62	7b612c307d	31	31
p	62	7b666f6f2c6261727d	N	N
p	62	7b772c302c312c307d	N	N
p	62	7b762c752c302c742c317d	N	N
p	62	7b612c20317d	32	32
p	62	7b39397d	N	N
p	62	7b6e65737465642c782c792c7a7d	N	N
k	63	61	N	N
k	63	62	N	N
k	63	6e6573746564	N	N
k	63	666f6f	N	N
k	63	6b3339	N	N
k	63		N	N
k	63	6d697373696e67	N	N
k	63	c3a96b6579	N	N
k	63	6e756d5f61667465725f737472696e675f706164	N	N
k	63	77	N	N
i	63	2d33	227472756522	74727565
i	63	2d32	6e756c6c	N
i	63	2d31	226e756c6c22	6e756c6c
i	63	30	312e3530	312e3530
i	63	31	22312e353022	312e3530
i	63	32	74727565	74727565
i	63	35	226e756c6c22	6e756c6c
i	63	3530	N	N
i	63	2d32313437343833363438	N	N
i	63	32313437343833363437	N	N
p	63	7b617d	N	N
p	63	7b612c627d	N	N
p	63	7b612c622c637d	N	N
p	63	7b612c622c632c312c647d	N	N
p	63	7b307d	312e3530	312e3530
p	63	7b2d317d	226e756c6c22	6e756c6c
p	63	7b312c307d	N	N
p	63	7b7d	5b312e35302c2022312e3530222c20747275652c202274727565222c206e756c6c2c20226e756c6c225d	5b312e35302c2022312e3530222c20747275652c202274727565222c206e756c6c2c20226e756c6c225d
p	63	7b612c307d	N	N
p	63	7b666f6f2c6261727d	N	N
p	63	7b772c302c312c307d	N	N
p	63	7b762c752c302c742c317d	N	N
p	63	7b612c20317d	N	N
p	63	7b39397d	N	N
p	63	7b6e65737465642c782c792c7a7d	N	N
k	64	61	N	N
k	64	62	N	N
k	64	6e6573746564	N	N
k	64	666f6f	7b22626172223a202262617a227d	7b22626172223a202262617a227d
k	64	6b3339	N	N
k	64		N	N
k	64	6d697373696e67	N	N
k	64	c3a96b6579	N	N
k	64	6e756d5f61667465725f737472696e675f706164	N	N
k	64	77	N	N
i	64	2d33	N	N
i	64	2d32	N	N
i	64	2d31	N	N
i	64	30	N	N
i	64	31	N	N
i	64	32	N	N
i	64	35	N	N
i	64	3530	N	N
i	64	2d32313437343833363438	N	N
i	64	32313437343833363437	N	N
p	64	7b617d	N	N
p	64	7b612c627d	N	N
p	64	7b612c622c637d	N	N
p	64	7b612c622c632c312c647d	N	N
p	64	7b307d	N	N
p	64	7b2d317d	N	N
p	64	7b312c307d	N	N
p	64	7b7d	7b22666f6f223a207b22626172223a202262617a227d7d	7b22666f6f223a207b22626172223a202262617a227d7d
p	64	7b612c307d	N	N
p	64	7b666f6f2c6261727d	2262617a22	62617a
p	64	7b772c302c312c307d	N	N
p	64	7b762c752c302c742c317d	N	N
p	64	7b612c20317d	N	N
p	64	7b39397d	N	N
p	64	7b6e65737465642c782c792c7a7d	N	N
k	65	61	N	N
k	65	62	N	N
k	65	6e6573746564	N	N
k	65	666f6f	5b22626172222c202262617a225d	5b22626172222c202262617a225d
k	65	6b3339	N	N
k	65		N	N
k	65	6d697373696e67	N	N
k	65	c3a96b6579	N	N
k	65	6e756d5f61667465725f737472696e675f706164	N	N
k	65	77	N	N
i	65	2d33	N	N
i	65	2d32	N	N
i	65	2d31	N	N
i	65	30	N	N
i	65	31	N	N
i	65	32	N	N
i	65	35	N	N
i	65	3530	N	N
i	65	2d32313437343833363438	N	N
i	65	32313437343833363437	N	N
p	65	7b617d	N	N
p	65	7b612c627d	N	N
p	65	7b612c622c637d	N	N
p	65	7b612c622c632c312c647d	N	N
p	65	7b307d	N	N
p	65	7b2d317d	N	N
p	65	7b312c307d	N	N
p	65	7b7d	7b22666f6f223a205b22626172222c202262617a225d2c2022717578223a205b312c20325d7d	7b22666f6f223a205b22626172222c202262617a225d2c2022717578223a205b312c20325d7d
p	65	7b612c307d	N	N
p	65	7b666f6f2c6261727d	N	N
p	65	7b772c302c312c307d	N	N
p	65	7b762c752c302c742c317d	N	N
p	65	7b612c20317d	N	N
p	65	7b39397d	N	N
p	65	7b6e65737465642c782c792c7a7d	N	N
k	66	61	N	N
k	66	62	N	N
k	66	6e6573746564	N	N
k	66	666f6f	N	N
k	66	6b3339	N	N
k	66		N	N
k	66	6d697373696e67	N	N
k	66	c3a96b6579	N	N
k	66	6e756d5f61667465725f737472696e675f706164	N	N
k	66	77	N	N
i	66	2d33	2d31	2d31
i	66	2d32	2d322e35	2d322e35
i	66	2d31	2d302e303031	2d302e303031
i	66	30	2d31	2d31
i	66	31	2d322e35	2d322e35
i	66	32	2d302e303031	2d302e303031
i	66	35	N	N
i	66	3530	N	N
i	66	2d32313437343833363438	N	N
i	66	32313437343833363437	N	N
p	66	7b617d	N	N
p	66	7b612c627d	N	N
p	66	7b612c622c637d	N	N
p	66	7b612c622c632c312c647d	N	N
p	66	7b307d	2d31	2d31
p	66	7b2d317d	2d302e303031	2d302e303031
p	66	7b312c307d	N	N
p	66	7b7d	5b2d312c202d322e352c202d302e3030315d	5b2d312c202d322e352c202d302e3030315d
p	66	7b612c307d	N	N
p	66	7b666f6f2c6261727d	N	N
p	66	7b772c302c312c307d	N	N
p	66	7b762c752c302c742c317d	N	N
p	66	7b612c20317d	N	N
p	66	7b39397d	N	N
p	66	7b6e65737465642c782c792c7a7d	N	N
k	67	61	N	N
k	67	62	N	N
k	67	6e6573746564	N	N
k	67	666f6f	N	N
k	67	6b3339	N	N
k	67		N	N
k	67	6d697373696e67	N	N
k	67	c3a96b6579	N	N
k	67	6e756d5f61667465725f737472696e675f706164	N	N
k	67	77	N	N
i	67	2d33	N	N
i	67	2d32	22414222	4142
i	67	2d31	22414222	4142
i	67	30	22414222	4142
i	67	31	22414222	4142
i	67	32	N	N
i	67	35	N	N
i	67	3530	N	N
i	67	2d32313437343833363438	N	N
i	67	32313437343833363437	N	N
p	67	7b617d	N	N
p	67	7b612c627d	N	N
p	67	7b612c622c637d	N	N
p	67	7b612c622c632c312c647d	N	N
p	67	7b307d	22414222	4142
p	67	7b2d317d	22414222	4142
p	67	7b312c307d	N	N
p	67	7b7d	5b224142222c20224142225d	5b224142222c20224142225d
p	67	7b612c307d	N	N
p	67	7b666f6f2c6261727d	N	N
p	67	7b772c302c312c307d	N	N
p	67	7b762c752c302c742c317d	N	N
p	67	7b612c20317d	N	N
p	67	7b39397d	N	N
p	67	7b6e65737465642c782c792c7a7d	N	N
k	68	61	5b7b2262223a205b7b2263223a20317d5d7d5d	5b7b2262223a205b7b2263223a20317d5d7d5d
k	68	62	N	N
k	68	6e6573746564	N	N
k	68	666f6f	N	N
k	68	6b3339	N	N
k	68		N	N
k	68	6d697373696e67	N	N
k	68	c3a96b6579	N	N
k	68	6e756d5f61667465725f737472696e675f706164	N	N
k	68	77	N	N
i	68	2d33	N	N
i	68	2d32	N	N
i	68	2d31	N	N
i	68	30	N	N
i	68	31	N	N
i	68	32	N	N
i	68	35	N	N
i	68	3530	N	N
i	68	2d32313437343833363438	N	N
i	68	32313437343833363437	N	N
p	68	7b617d	5b7b2262223a205b7b2263223a20317d5d7d5d	5b7b2262223a205b7b2263223a20317d5d7d5d
p	68	7b612c627d	N	N
p	68	7b612c622c637d	N	N
p	68	7b612c622c632c312c647d	N	N
p	68	7b307d	N	N
p	68	7b2d317d	N	N
p	68	7b312c307d	N	N
p	68	7b7d	7b2261223a205b7b2262223a205b7b2263223a20317d5d7d5d7d	7b2261223a205b7b2262223a205b7b2263223a20317d5d7d5d7d
p	68	7b612c307d	7b2262223a205b7b2263223a20317d5d7d	7b2262223a205b7b2263223a20317d5d7d
p	68	7b666f6f2c6261727d	N	N
p	68	7b772c302c312c307d	N	N
p	68	7b762c752c302c742c317d	N	N
p	68	7b612c20317d	N	N
p	68	7b39397d	N	N
p	68	7b6e65737465642c782c792c7a7d	N	N
k	69	61	N	N
k	69	62	N	N
k	69	6e6573746564	N	N
k	69	666f6f	N	N
k	69	6b3339	N	N
k	69		N	N
k	69	6d697373696e67	N	N
k	69	c3a96b6579	N	N
k	69	6e756d5f61667465725f737472696e675f706164	N	N
k	69	77	N	N
i	69	2d33	2233303022	333030
i	69	2d32	7b226b223a203430307d	7b226b223a203430307d
i	69	2d31	5b3530305d	5b3530305d
i	69	30	313030	313030
i	69	31	3230302e35	3230302e35
i	69	32	2233303022	333030
i	69	35	N	N
i	69	3530	N	N
i	69	2d32313437343833363438	N	N
i	69	32313437343833363437	N	N
p	69	7b617d	N	N
p	69	7b612c627d	N	N
p	69	7b612c622c637d	N	N
p	69	7b612c622c632c312c647d	N	N
p	69	7b307d	313030	313030
p	69	7b2d317d	5b3530305d	5b3530305d
p	69	7b312c307d	N	N
p	69	7b7d	5b3130302c203230302e352c2022333030222c207b226b223a203430307d2c205b3530305d5d	5b3130302c203230302e352c2022333030222c207b226b223a203430307d2c205b3530305d5d
p	69	7b612c307d	N	N
p	69	7b666f6f2c6261727d	N	N
p	69	7b772c302c312c307d	N	N
p	69	7b762c752c302c742c317d	N	N
p	69	7b612c20317d	N	N
p	69	7b39397d	N	N
p	69	7b6e65737465642c782c792c7a7d	N	N
k	70	61	N	N
k	70	62	N	N
k	70	6e6573746564	N	N
k	70	666f6f	N	N
k	70	6b3339	N	N
k	70		N	N
k	70	6d697373696e67	N	N
k	70	c3a96b6579	N	N
k	70	6e756d5f61667465725f737472696e675f706164	N	N
k	70	77	5b5b5b315d2c205b325d5d2c205b5b335d5d5d	5b5b5b315d2c205b325d5d2c205b5b335d5d5d
i	70	2d33	N	N
i	70	2d32	N	N
i	70	2d31	N	N
i	70	30	N	N
i	70	31	N	N
i	70	32	N	N
i	70	35	N	N
i	70	3530	N	N
i	70	2d32313437343833363438	N	N
i	70	32313437343833363437	N	N
p	70	7b617d	N	N
p	70	7b612c627d	N	N
p	70	7b612c622c637d	N	N
p	70	7b612c622c632c312c647d	N	N
p	70	7b307d	N	N
p	70	7b2d317d	N	N
p	70	7b312c307d	N	N
p	70	7b7d	7b2276223a207b2275223a205b7b2274223a205b302e312c202d302e325d7d5d7d2c202277223a205b5b5b315d2c205b325d5d2c205b5b335d5d5d7d	7b2276223a207b2275223a205b7b2274223a205b302e312c202d302e325d7d5d7d2c202277223a205b5b5b315d2c205b325d5d2c205b5b335d5d5d7d
p	70	7b612c307d	N	N
p	70	7b666f6f2c6261727d	N	N
p	70	7b772c302c312c307d	32	32
p	70	7b762c752c302c742c317d	2d302e32	2d302e32
p	70	7b612c20317d	N	N
p	70	7b39397d	N	N
p	70	7b6e65737465642c782c792c7a7d	N	N
k	71	61	N	N
k	71	62	N	N
k	71	6e6573746564	N	N
k	71	666f6f	N	N
k	71	6b3339	N	N
k	71		N	N
k	71	6d697373696e67	N	N
k	71	c3a96b6579	N	N
k	71	6e756d5f61667465725f737472696e675f706164	N	N
k	71	77	N	N
i	71	2d33	N	N
i	71	2d32	N	N
i	71	2d31	22c3a922	c3a9
i	71	30	22c3a922	c3a9
i	71	31	N	N
i	71	32	N	N
i	71	35	N	N
i	71	3530	N	N
i	71	2d32313437343833363438	N	N
i	71	32313437343833363437	N	N
p	71	7b617d	N	N
p	71	7b612c627d	N	N
p	71	7b612c622c637d	N	N
p	71	7b612c622c632c312c647d	N	N
p	71	7b307d	N	N
p	71	7b2d317d	N	N
p	71	7b312c307d	N	N
p	71	7b7d	22c3a922	c3a9
p	71	7b612c307d	N	N
p	71	7b666f6f2c6261727d	N	N
p	71	7b772c302c312c307d	N	N
p	71	7b762c752c302c742c317d	N	N
p	71	7b612c20317d	N	N
p	71	7b39397d	N	N
p	71	7b6e65737465642c782c792c7a7d	N	N
k	72	61	N	N
k	72	62	N	N
k	72	6e6573746564	N	N
k	72	666f6f	N	N
k	72	6b3339	N	N
k	72		N	N
k	72	6d697373696e67	N	N
k	72	c3a96b6579	N	N
k	72	6e756d5f61667465725f737472696e675f706164	N	N
k	72	77	N	N
i	72	2d33	N	N
i	72	2d32	N	N
i	72	2d31	22f09f988022	f09f9880
i	72	30	22f09f988022	f09f9880
i	72	31	N	N
i	72	32	N	N
i	72	35	N	N
i	72	3530	N	N
i	72	2d32313437343833363438	N	N
i	72	32313437343833363437	N	N
p	72	7b617d	N	N
p	72	7b612c627d	N	N
p	72	7b612c622c637d	N	N
p	72	7b612c622c632c312c647d	N	N
p	72	7b307d	N	N
p	72	7b2d317d	N	N
p	72	7b312c307d	N	N
p	72	7b7d	22f09f988022	f09f9880
p	72	7b612c307d	N	N
p	72	7b666f6f2c6261727d	N	N
p	72	7b772c302c312c307d	N	N
p	72	7b762c752c302c742c317d	N	N
p	72	7b612c20317d	N	N
p	72	7b39397d	N	N
p	72	7b6e65737465642c782c792c7a7d	N	N
k	73	61	N	N
k	73	62	N	N
k	73	6e6573746564	N	N
k	73	666f6f	N	N
k	73	6b3339	N	N
k	73		N	N
k	73	6d697373696e67	N	N
k	73	c3a96b6579	N	N
k	73	6e756d5f61667465725f737472696e675f706164	N	N
k	73	77	N	N
i	73	2d33	N	N
i	73	2d32	N	N
i	73	2d31	22efbfbf22	efbfbf
i	73	30	22efbfbf22	efbfbf
i	73	31	N	N
i	73	32	N	N
i	73	35	N	N
i	73	3530	N	N
i	73	2d32313437343833363438	N	N
i	73	32313437343833363437	N	N
p	73	7b617d	N	N
p	73	7b612c627d	N	N
p	73	7b612c622c637d	N	N
p	73	7b612c622c632c312c647d	N	N
p	73	7b307d	N	N
p	73	7b2d317d	N	N
p	73	7b312c307d	N	N
p	73	7b7d	22efbfbf22	efbfbf
p	73	7b612c307d	N	N
p	73	7b666f6f2c6261727d	N	N
p	73	7b772c302c312c307d	N	N
p	73	7b762c752c302c742c317d	N	N
p	73	7b612c20317d	N	N
p	73	7b39397d	N	N
p	73	7b6e65737465642c782c792c7a7d	N	N
k	74	61	N	N
k	74	62	N	N
k	74	6e6573746564	N	N
k	74	666f6f	N	N
k	74	6b3339	N	N
k	74		N	N
k	74	6d697373696e67	N	N
k	74	c3a96b6579	N	N
k	74	6e756d5f61667465725f737472696e675f706164	N	N
k	74	77	N	N
i	74	2d33	N	N
i	74	2d32	N	N
i	74	2d31	2241424322	414243
i	74	30	2241424322	414243
i	74	31	N	N
i	74	32	N	N
i	74	35	N	N
i	74	3530	N	N
i	74	2d32313437343833363438	N	N
i	74	32313437343833363437	N	N
p	74	7b617d	N	N
p	74	7b612c627d	N	N
p	74	7b612c622c637d	N	N
p	74	7b612c622c632c312c647d	N	N
p	74	7b307d	N	N
p	74	7b2d317d	N	N
p	74	7b312c307d	N	N
p	74	7b7d	2241424322	414243
p	74	7b612c307d	N	N
p	74	7b666f6f2c6261727d	N	N
p	74	7b772c302c312c307d	N	N
p	74	7b762c752c302c742c317d	N	N
p	74	7b612c20317d	N	N
p	74	7b39397d	N	N
p	74	7b6e65737465642c782c792c7a7d	N	N
k	75	61	N	N
k	75	62	N	N
k	75	6e6573746564	N	N
k	75	666f6f	N	N
k	75	6b3339	N	N
k	75		N	N
k	75	6d697373696e67	N	N
k	75	c3a96b6579	22e4b896e7958c22	e4b896e7958c
k	75	6e756d5f61667465725f737472696e675f706164	N	N
k	75	77	N	N
i	75	2d33	N	N
i	75	2d32	N	N
i	75	2d31	N	N
i	75	30	N	N
i	75	31	N	N
i	75	32	N	N
i	75	35	N	N
i	75	3530	N	N
i	75	2d32313437343833363438	N	N
i	75	32313437343833363437	N	N
p	75	7b617d	N	N
p	75	7b612c627d	N	N
p	75	7b612c622c637d	N	N
p	75	7b612c622c632c312c647d	N	N
p	75	7b307d	N	N
p	75	7b2d317d	N	N
p	75	7b312c307d	N	N
p	75	7b7d	7b22c3a96b6579223a2022e4b896e7958c227d	7b22c3a96b6579223a2022e4b896e7958c227d
p	75	7b612c307d	N	N
p	75	7b666f6f2c6261727d	N	N
p	75	7b772c302c312c307d	N	N
p	75	7b762c752c302c742c317d	N	N
p	75	7b612c20317d	N	N
p	75	7b39397d	N	N
p	75	7b6e65737465642c782c792c7a7d	N	N
k	76	61	N	N
k	76	62	N	N
k	76	6e6573746564	N	N
k	76	666f6f	N	N
k	76	6b3339	N	N
k	76		N	N
k	76	6d697373696e67	N	N
k	76	c3a96b6579	N	N
k	76	6e756d5f61667465725f737472696e675f706164	N	N
k	76	77	N	N
i	76	2d33	22f09f988022	f09f9880
i	76	2d32	22c3a922	c3a9
i	76	2d31	22706c61696e22	706c61696e
i	76	30	22f09f988022	f09f9880
i	76	31	22c3a922	c3a9
i	76	32	22706c61696e22	706c61696e
i	76	35	N	N
i	76	3530	N	N
i	76	2d32313437343833363438	N	N
i	76	32313437343833363437	N	N
p	76	7b617d	N	N
p	76	7b612c627d	N	N
p	76	7b612c622c637d	N	N
p	76	7b612c622c632c312c647d	N	N
p	76	7b307d	22f09f988022	f09f9880
p	76	7b2d317d	22706c61696e22	706c61696e
p	76	7b312c307d	N	N
p	76	7b7d	5b22f09f9880222c2022c3a9222c2022706c61696e225d	5b22f09f9880222c2022c3a9222c2022706c61696e225d
p	76	7b612c307d	N	N
p	76	7b666f6f2c6261727d	N	N
p	76	7b772c302c312c307d	N	N
p	76	7b762c752c302c742c317d	N	N
p	76	7b612c20317d	N	N
p	76	7b39397d	N	N
p	76	7b6e65737465642c782c792c7a7d	N	N
k	77	61	N	N
k	77	62	N	N
k	77	6e6573746564	N	N
k	77	666f6f	N	N
k	77	6b3339	N	N
k	77		N	N
k	77	6d697373696e67	N	N
k	77	c3a96b6579	N	N
k	77	6e756d5f61667465725f737472696e675f706164	N	N
k	77	77	N	N
i	77	2d33	N	N
i	77	2d32	N	N
i	77	2d31	227461625c746865726520616e64206e65776c696e655c6e746865726522	746162096865726520616e64206e65776c696e650a7468657265
i	77	30	227461625c746865726520616e64206e65776c696e655c6e746865726522	746162096865726520616e64206e65776c696e650a7468657265
i	77	31	N	N
i	77	32	N	N
i	77	35	N	N
i	77	3530	N	N
i	77	2d32313437343833363438	N	N
i	77	32313437343833363437	N	N
p	77	7b617d	N	N
p	77	7b612c627d	N	N
p	77	7b612c622c637d	N	N
p	77	7b612c622c632c312c647d	N	N
p	77	7b307d	N	N
p	77	7b2d317d	N	N
p	77	7b312c307d	N	N
p	77	7b7d	227461625c746865726520616e64206e65776c696e655c6e746865726522	746162096865726520616e64206e65776c696e650a7468657265
p	77	7b612c307d	N	N
p	77	7b666f6f2c6261727d	N	N
p	77	7b772c302c312c307d	N	N
p	77	7b762c752c302c742c317d	N	N
p	77	7b612c20317d	N	N
p	77	7b39397d	N	N
p	77	7b6e65737465642c782c792c7a7d	N	N
k	78	61	22f09d849e22	f09d849e
k	78	62	N	N
k	78	6e6573746564	N	N
k	78	666f6f	N	N
k	78	6b3339	N	N
k	78		N	N
k	78	6d697373696e67	N	N
k	78	c3a96b6579	N	N
k	78	6e756d5f61667465725f737472696e675f706164	N	N
k	78	77	N	N
i	78	2d33	N	N
i	78	2d32	N	N
i	78	2d31	N	N
i	78	30	N	N
i	78	31	N	N
i	78	32	N	N
i	78	35	N	N
i	78	3530	N	N
i	78	2d32313437343833363438	N	N
i	78	32313437343833363437	N	N
p	78	7b617d	22f09d849e22	f09d849e
p	78	7b612c627d	N	N
p	78	7b612c622c637d	N	N
p	78	7b612c622c632c312c647d	N	N
p	78	7b307d	N	N
p	78	7b2d317d	N	N
p	78	7b312c307d	N	N
p	78	7b7d	7b2261223a2022f09d849e227d	7b2261223a2022f09d849e227d
p	78	7b612c307d	N	N
p	78	7b666f6f2c6261727d	N	N
p	78	7b772c302c312c307d	N	N
p	78	7b762c752c302c742c317d	N	N
p	78	7b612c20317d	N	N
p	78	7b39397d	N	N
p	78	7b6e65737465642c782c792c7a7d	N	N
k	79	61	N	N
k	79	62	N	N
k	79	6e6573746564	N	N
k	79	666f6f	N	N
k	79	6b3339	N	N
k	79		N	N
k	79	6d697373696e67	N	N
k	79	c3a96b6579	N	N
k	79	6e756d5f61667465725f737472696e675f706164	N	N
k	79	77	N	N
i	79	2d33	N	N
i	79	2d32	N	N
i	79	2d31	N	N
i	79	30	N	N
i	79	31	N	N
i	79	32	N	N
i	79	35	N	N
i	79	3530	N	N
i	79	2d32313437343833363438	N	N
i	79	32313437343833363437	N	N
p	79	7b617d	N	N
p	79	7b612c627d	N	N
p	79	7b612c622c637d	N	N
p	79	7b612c622c632c312c647d	N	N
p	79	7b307d	N	N
p	79	7b2d317d	N	N
p	79	7b312c307d	N	N
p	79	7b7d	7b227773223a205b312c20325d7d	7b227773223a205b312c20325d7d
p	79	7b612c307d	N	N
p	79	7b666f6f2c6261727d	N	N
p	79	7b772c302c312c307d	N	N
p	79	7b762c752c302c742c317d	N	N
p	79	7b612c20317d	N	N
p	79	7b39397d	N	N
p	79	7b6e65737465642c782c792c7a7d	N	N
k	80	61	N	N
k	80	62	N	N
k	80	6e6573746564	N	N
k	80	666f6f	N	N
k	80	6b3339	N	N
k	80		N	N
k	80	6d697373696e67	N	N
k	80	c3a96b6579	N	N
k	80	6e756d5f61667465725f737472696e675f706164	N	N
k	80	77	N	N
i	80	2d33	N	N
i	80	2d32	N	N
i	80	2d31	3230303030303030303030303030303030303030303030303030303030303030303030303030303030303030303030303030303030303030303030303030303030303030303030303030303030303030303030303030303030303030303030303030303030303030303030303030303030303030303030303030303030303030303030303030303030303030303030303030303030303030303030303030303030303030303030303030303030303030303030303030303030303030303030303030303030303030303030303030303030303030303030303030303030303030303030303030303030303030303030303030303030303030303030303030303030303030303030303030303030303030303030303030303030303030303030303030303030303030303030303030303030303030303030303030303030303030303030303030303030303030303030303030303030303030303030303030303030303030303030303030303030303030303030303030303030303030303030303030303030303030303030303030303030	3230303030303030303030303030303030303030303030303030303030303030303030303030303030303030303030303030303030303030303030303030303030303030303030303030303030303030303030303030303030303030303030303030303030303030303030303030303030303030303030303030303030303030303030303030303030303030303030303030303030303030303030303030303030303030303030303030303030303030303030303030303030303030303030303030303030303030303030303030303030303030303030303030303030303030303030303030303030303030303030303030303030303030303030303030303030303030303030303030303030303030303030303030303030303030303030303030303030303030303030303030303030303030303030303030303030303030303030303030303030303030303030303030303030303030303030303030303030303030303030303030303030303030303030303030303030303030303030303030303030303030303030303030303030
i	80	30	3230303030303030303030303030303030303030303030303030303030303030303030303030303030303030303030303030303030303030303030303030303030303030303030303030303030303030303030303030303030303030303030303030303030303030303030303030303030303030303030303030303030303030303030303030303030303030303030303030303030303030303030303030303030303030303030303030303030303030303030303030303030303030303030303030303030303030303030303030303030303030303030303030303030303030303030303030303030303030303030303030303030303030303030303030303030303030303030303030303030303030303030303030303030303030303030303030303030303030303030303030303030303030303030303030303030303030303030303030303030303030303030303030303030303030303030303030303030303030303030303030303030303030303030303030303030303030303030303030303030303030303030303030303030	3230303030303030303030303030303030303030303030303030303030303030303030303030303030303030303030303030303030303030303030303030303030303030303030303030303030303030303030303030303030303030303030303030303030303030303030303030303030303030303030303030303030303030303030303030303030303030303030303030303030303030303030303030303030303030303030303030303030303030303030303030303030303030303030303030303030303030303030303030303030303030303030303030303030303030303030303030303030303030303030303030303030303030303030303030303030303030303030303030303030303030303030303030303030303030303030303030303030303030303030303030303030303030303030303030303030303030303030303030303030303030303030303030303030303030303030303030303030303030303030303030303030303030303030303030303030303030303030303030303030303030303030303030303030
i	80	31	N	N
i	80	32	N	N
i	80	35	N	N
i	80	3530	N	N
i	80	2d32313437343833363438	N	N
i	80	32313437343833363437	N	N
p	80	7b617d	N	N
p	80	7b612c627d	N	N
p	80	7b612c622c637d	N	N
p	80	7b612c622c632c312c647d	N	N
p	80	7b307d	3230303030303030303030303030303030303030303030303030303030303030303030303030303030303030303030303030303030303030303030303030303030303030303030303030303030303030303030303030303030303030303030303030303030303030303030303030303030303030303030303030303030303030303030303030303030303030303030303030303030303030303030303030303030303030303030303030303030303030303030303030303030303030303030303030303030303030303030303030303030303030303030303030303030303030303030303030303030303030303030303030303030303030303030303030303030303030303030303030303030303030303030303030303030303030303030303030303030303030303030303030303030303030303030303030303030303030303030303030303030303030303030303030303030303030303030303030303030303030303030303030303030303030303030303030303030303030303030303030303030303030303030303030303030	3230303030303030303030303030303030303030303030303030303030303030303030303030303030303030303030303030303030303030303030303030303030303030303030303030303030303030303030303030303030303030303030303030303030303030303030303030303030303030303030303030303030303030303030303030303030303030303030303030303030303030303030303030303030303030303030303030303030303030303030303030303030303030303030303030303030303030303030303030303030303030303030303030303030303030303030303030303030303030303030303030303030303030303030303030303030303030303030303030303030303030303030303030303030303030303030303030303030303030303030303030303030303030303030303030303030303030303030303030303030303030303030303030303030303030303030303030303030303030303030303030303030303030303030303030303030303030303030303030303030303030303030303030303030
p	80	7b2d317d	3230303030303030303030303030303030303030303030303030303030303030303030303030303030303030303030303030303030303030303030303030303030303030303030303030303030303030303030303030303030303030303030303030303030303030303030303030303030303030303030303030303030303030303030303030303030303030303030303030303030303030303030303030303030303030303030303030303030303030303030303030303030303030303030303030303030303030303030303030303030303030303030303030303030303030303030303030303030303030303030303030303030303030303030303030303030303030303030303030303030303030303030303030303030303030303030303030303030303030303030303030303030303030303030303030303030303030303030303030303030303030303030303030303030303030303030303030303030303030303030303030303030303030303030303030303030303030303030303030303030303030303030303030303030	3230303030303030303030303030303030303030303030303030303030303030303030303030303030303030303030303030303030303030303030303030303030303030303030303030303030303030303030303030303030303030303030303030303030303030303030303030303030303030303030303030303030303030303030303030303030303030303030303030303030303030303030303030303030303030303030303030303030303030303030303030303030303030303030303030303030303030303030303030303030303030303030303030303030303030303030303030303030303030303030303030303030303030303030303030303030303030303030303030303030303030303030303030303030303030303030303030303030303030303030303030303030303030303030303030303030303030303030303030303030303030303030303030303030303030303030303030303030303030303030303030303030303030303030303030303030303030303030303030303030303030303030303030303030
p	80	7b312c307d	N	N
p	80	7b7d	5b32303030303030303030303030303030303030303030303030303030303030303030303030303030303030303030303030303030303030303030303030303030303030303030303030303030303030303030303030303030303030303030303030303030303030303030303030303030303030303030303030303030303030303030303030303030303030303030303030303030303030303030303030303030303030303030303030303030303030303030303030303030303030303030303030303030303030303030303030303030303030303030303030303030303030303030303030303030303030303030303030303030303030303030303030303030303030303030303030303030303030303030303030303030303030303030303030303030303030303030303030303030303030303030303030303030303030303030303030303030303030303030303030303030303030303030303030303030303030303030303030303030303030303030303030303030303030303030303030303030303030303030303030303030305d	5b32303030303030303030303030303030303030303030303030303030303030303030303030303030303030303030303030303030303030303030303030303030303030303030303030303030303030303030303030303030303030303030303030303030303030303030303030303030303030303030303030303030303030303030303030303030303030303030303030303030303030303030303030303030303030303030303030303030303030303030303030303030303030303030303030303030303030303030303030303030303030303030303030303030303030303030303030303030303030303030303030303030303030303030303030303030303030303030303030303030303030303030303030303030303030303030303030303030303030303030303030303030303030303030303030303030303030303030303030303030303030303030303030303030303030303030303030303030303030303030303030303030303030303030303030303030303030303030303030303030303030303030303030303030305d
p	80	7b612c307d	N	N
p	80	7b666f6f2c6261727d	N	N
p	80	7b772c302c312c307d	N	N
p	80	7b762c752c302c742c317d	N	N
p	80	7b612c20317d	N	N
p	80	7b39397d	N	N
p	80	7b6e65737465642c782c792c7a7d	N	N
