# doc_idx	key_hex	exists
0	61	f
0	62	f
0	63	f
0		f
0	6b6579	f
0	68656c6c6f	f
0	7330	f
0	6b3339	f
0	c3a96b6579	f
0	e4b896e7958c	f
0	31	f
0	74727565	f
0	6e6573746564	f
0	666f6f	f
0	6c6f6e675f6b65795f746861745f69735f6d7563685f6c6f6e6765725f7468616e5f7468655f6f7468657273	f
1	61	f
1	62	f
1	63	f
1		f
1	6b6579	f
1	68656c6c6f	f
1	7330	f
1	6b3339	f
1	c3a96b6579	f
1	e4b896e7958c	f
1	31	f
1	74727565	f
1	6e6573746564	f
1	666f6f	f
1	6c6f6e675f6b65795f746861745f69735f6d7563685f6c6f6e6765725f7468616e5f7468655f6f7468657273	f
2	61	f
2	62	f
2	63	f
2		f
2	6b6579	f
2	68656c6c6f	f
2	7330	f
2	6b3339	f
2	c3a96b6579	f
2	e4b896e7958c	f
2	31	f
2	74727565	f
2	6e6573746564	f
2	666f6f	f
2	6c6f6e675f6b65795f746861745f69735f6d7563685f6c6f6e6765725f7468616e5f7468655f6f7468657273	f
3	61	f
3	62	f
3	63	f
3		f
3	6b6579	f
3	68656c6c6f	f
3	7330	f
3	6b3339	f
3	c3a96b6579	f
3	e4b896e7958c	f
3	31	f
3	74727565	f
3	6e6573746564	f
3	666f6f	f
3	6c6f6e675f6b65795f746861745f69735f6d7563685f6c6f6e6765725f7468616e5f7468655f6f7468657273	f
4	61	f
4	62	f
4	63	f
4		f
4	6b6579	f
4	68656c6c6f	f
4	7330	f
4	6b3339	f
4	c3a96b6579	f
4	e4b896e7958c	f
4	31	f
4	74727565	f
4	6e6573746564	f
4	666f6f	f
4	6c6f6e675f6b65795f746861745f69735f6d7563685f6c6f6e6765725f7468616e5f7468655f6f7468657273	f
5	61	f
5	62	f
5	63	f
5		f
5	6b6579	f
5	68656c6c6f	f
5	7330	f
5	6b3339	f
5	c3a96b6579	f
5	e4b896e7958c	f
5	31	f
5	74727565	f
5	6e6573746564	f
5	666f6f	f
5	6c6f6e675f6b65795f746861745f69735f6d7563685f6c6f6e6765725f7468616e5f7468655f6f7468657273	f
6	61	f
6	62	f
6	63	f
6		f
6	6b6579	f
6	68656c6c6f	f
6	7330	f
6	6b3339	f
6	c3a96b6579	f
6	e4b896e7958c	f
6	31	f
6	74727565	f
6	6e6573746564	f
6	666f6f	f
6	6c6f6e675f6b65795f746861745f69735f6d7563685f6c6f6e6765725f7468616e5f7468655f6f7468657273	f
7	61	f
7	62	f
7	63	f
7		f
7	6b6579	f
7	68656c6c6f	f
7	7330	f
7	6b3339	f
7	c3a96b6579	f
7	e4b896e7958c	f
7	31	f
7	74727565	f
7	6e6573746564	f
7	666f6f	f
7	6c6f6e675f6b65795f746861745f69735f6d7563685f6c6f6e6765725f7468616e5f7468655f6f7468657273	f
8	61	f
8	62	f
8	63	f
8		f
8	6b6579	f
8	68656c6c6f	f
8	7330	f
8	6b3339	f
8	c3a96b6579	f
8	e4b896e7958c	f
8	31	f
8	74727565	f
8	6e6573746564	f
8	666f6f	f
8	6c6f6e675f6b65795f746861745f69735f6d7563685f6c6f6e6765725f7468616e5f7468655f6f7468657273	f
9	61	f
9	62	f
9	63	f
9		f
9	6b6579	f
9	68656c6c6f	f
9	7330	f
9	6b3339	f
9	c3a96b6579	f
9	e4b896e7958c	f
9	31	f
9	74727565	f
9	6e6573746564	f
9	666f6f	f
9	6c6f6e675f6b65795f746861745f69735f6d7563685f6c6f6e6765725f7468616e5f7468655f6f7468657273	f
10	61	f
10	62	f
10	63	f
10		f
10	6b6579	f
10	68656c6c6f	f
10	7330	f
10	6b3339	f
10	c3a96b6579	f
10	e4b896e7958c	f
10	31	f
10	74727565	f
10	6e6573746564	f
10	666f6f	f
10	6c6f6e675f6b65795f746861745f69735f6d7563685f6c6f6e6765725f7468616e5f7468655f6f7468657273	f
11	61	f
11	62	f
11	63	f
11		f
11	6b6579	f
11	68656c6c6f	f
11	7330	f
11	6b3339	f
11	c3a96b6579	f
11	e4b896e7958c	f
11	31	f
11	74727565	f
11	6e6573746564	f
11	666f6f	f
11	6c6f6e675f6b65795f746861745f69735f6d7563685f6c6f6e6765725f7468616e5f7468655f6f7468657273	f
12	61	f
12	62	f
12	63	f
12		f
12	6b6579	f
12	68656c6c6f	f
12	7330	f
12	6b3339	f
12	c3a96b6579	f
12	e4b896e7958c	f
12	31	f
12	74727565	f
12	6e6573746564	f
12	666f6f	f
12	6c6f6e675f6b65795f746861745f69735f6d7563685f6c6f6e6765725f7468616e5f7468655f6f7468657273	f
13	61	f
13	62	f
13	63	f
13		f
13	6b6579	f
13	68656c6c6f	f
13	7330	f
13	6b3339	f
13	c3a96b6579	f
13	e4b896e7958c	f
13	31	f
13	74727565	f
13	6e6573746564	f
13	666f6f	f
13	6c6f6e675f6b65795f746861745f69735f6d7563685f6c6f6e6765725f7468616e5f7468655f6f7468657273	f
14	61	f
14	62	f
14	63	f
14		f
14	6b6579	f
14	68656c6c6f	f
14	7330	f
14	6b3339	f
14	c3a96b6579	f
14	e4b896e7958c	f
14	31	f
14	74727565	f
14	6e6573746564	f
14	666f6f	f
14	6c6f6e675f6b65795f746861745f69735f6d7563685f6c6f6e6765725f7468616e5f7468655f6f7468657273	f
15	61	f
15	62	f
15	63	f
15		f
15	6b6579	f
15	68656c6c6f	f
15	7330	f
15	6b3339	f
15	c3a96b6579	f
15	e4b896e7958c	f
15	31	f
15	74727565	f
15	6e6573746564	f
15	666f6f	f
15	6c6f6e675f6b65795f746861745f69735f6d7563685f6c6f6e6765725f7468616e5f7468655f6f7468657273	f
16	61	f
16	62	f
16	63	f
16		f
16	6b6579	f
16	68656c6c6f	f
16	7330	f
16	6b3339	f
16	c3a96b6579	f
16	e4b896e7958c	f
16	31	f
16	74727565	f
16	6e6573746564	f
16	666f6f	f
16	6c6f6e675f6b65795f746861745f69735f6d7563685f6c6f6e6765725f7468616e5f7468655f6f7468657273	f
17	61	f
17	62	f
17	63	f
17		f
17	6b6579	f
17	68656c6c6f	f
17	7330	f
17	6b3339	f
17	c3a96b6579	f
17	e4b896e7958c	f
17	31	f
17	74727565	f
17	6e6573746564	f
17	666f6f	f
17	6c6f6e675f6b65795f746861745f69735f6d7563685f6c6f6e6765725f7468616e5f7468655f6f7468657273	f
18	61	f
18	62	f
18	63	f
18		f
18	6b6579	f
18	68656c6c6f	f
18	7330	f
18	6b3339	f
18	c3a96b6579	f
18	e4b896e7958c	f
18	31	f
18	74727565	f
18	6e6573746564	f
18	666f6f	f
18	6c6f6e675f6b65795f746861745f69735f6d7563685f6c6f6e6765725f7468616e5f7468655f6f7468657273	f
19	61	f
19	62	f
19	63	f
19		f
19	6b6579	f
19	68656c6c6f	f
19	7330	f
19	6b3339	f
19	c3a96b6579	f
19	e4b896e7958c	f
19	31	f
19	74727565	f
19	6e6573746564	f
19	666f6f	f
19	6c6f6e675f6b65795f746861745f69735f6d7563685f6c6f6e6765725f7468616e5f7468655f6f7468657273	f
20	61	f
20	62	f
20	63	f
20		t
20	6b6579	f
20	68656c6c6f	f
20	7330	f
20	6b3339	f
20	c3a96b6579	f
20	e4b896e7958c	f
20	31	f
20	74727565	f
20	6e6573746564	f
20	666f6f	f
20	6c6f6e675f6b65795f746861745f69735f6d7563685f6c6f6e6765725f7468616e5f7468655f6f7468657273	f
21	61	f
21	62	f
21	63	f
21		f
21	6b6579	f
21	68656c6c6f	t
21	7330	f
21	6b3339	f
21	c3a96b6579	f
21	e4b896e7958c	f
21	31	f
21	74727565	f
21	6e6573746564	f
21	666f6f	f
21	6c6f6e675f6b65795f746861745f69735f6d7563685f6c6f6e6765725f7468616e5f7468655f6f7468657273	f
22	61	t
22	62	f
22	63	f
22		f
22	6b6579	f
22	68656c6c6f	f
22	7330	f
22	6b3339	f
22	c3a96b6579	f
22	e4b896e7958c	f
22	31	f
22	74727565	f
22	6e6573746564	f
22	666f6f	f
22	6c6f6e675f6b65795f746861745f69735f6d7563685f6c6f6e6765725f7468616e5f7468655f6f7468657273	f
23	61	f
23	62	f
23	63	f
23		f
23	6b6579	f
23	68656c6c6f	f
23	7330	f
23	6b3339	f
23	c3a96b6579	f
23	e4b896e7958c	f
23	31	f
23	74727565	f
23	6e6573746564	f
23	666f6f	f
23	6c6f6e675f6b65795f746861745f69735f6d7563685f6c6f6e6765725f7468616e5f7468655f6f7468657273	f
24	61	f
24	62	f
24	63	f
24		f
24	6b6579	f
24	68656c6c6f	f
24	7330	f
24	6b3339	f
24	c3a96b6579	f
24	e4b896e7958c	f
24	31	f
24	74727565	f
24	6e6573746564	f
24	666f6f	f
24	6c6f6e675f6b65795f746861745f69735f6d7563685f6c6f6e6765725f7468616e5f7468655f6f7468657273	f
25	61	f
25	62	f
25	63	f
25		f
25	6b6579	f
25	68656c6c6f	f
25	7330	f
25	6b3339	f
25	c3a96b6579	f
25	e4b896e7958c	f
25	31	f
25	74727565	f
25	6e6573746564	f
25	666f6f	f
25	6c6f6e675f6b65795f746861745f69735f6d7563685f6c6f6e6765725f7468616e5f7468655f6f7468657273	f
26	61	f
26	62	f
26	63	f
26		f
26	6b6579	f
26	68656c6c6f	f
26	7330	f
26	6b3339	f
26	c3a96b6579	f
26	e4b896e7958c	f
26	31	f
26	74727565	f
26	6e6573746564	f
26	666f6f	f
26	6c6f6e675f6b65795f746861745f69735f6d7563685f6c6f6e6765725f7468616e5f7468655f6f7468657273	f
27	61	f
27	62	f
27	63	f
27		f
27	6b6579	f
27	68656c6c6f	f
27	7330	f
27	6b3339	f
27	c3a96b6579	f
27	e4b896e7958c	f
27	31	f
27	74727565	f
27	6e6573746564	f
27	666f6f	f
27	6c6f6e675f6b65795f746861745f69735f6d7563685f6c6f6e6765725f7468616e5f7468655f6f7468657273	f
28	61	f
28	62	f
28	63	f
28		f
28	6b6579	f
28	68656c6c6f	f
28	7330	f
28	6b3339	f
28	c3a96b6579	f
28	e4b896e7958c	f
28	31	f
28	74727565	f
28	6e6573746564	f
28	666f6f	f
28	6c6f6e675f6b65795f746861745f69735f6d7563685f6c6f6e6765725f7468616e5f7468655f6f7468657273	f
29	61	f
29	62	f
29	63	f
29		f
29	6b6579	f
29	68656c6c6f	f
29	7330	f
29	6b3339	f
29	c3a96b6579	f
29	e4b896e7958c	f
29	31	f
29	74727565	f
29	6e6573746564	f
29	666f6f	f
29	6c6f6e675f6b65795f746861745f69735f6d7563685f6c6f6e6765725f7468616e5f7468655f6f7468657273	f
30	61	f
30	62	f
30	63	f
30		f
30	6b6579	f
30	68656c6c6f	f
30	7330	f
30	6b3339	f
30	c3a96b6579	f
30	e4b896e7958c	f
30	31	f
30	74727565	f
30	6e6573746564	f
30	666f6f	f
30	6c6f6e675f6b65795f746861745f69735f6d7563685f6c6f6e6765725f7468616e5f7468655f6f7468657273	f
31	61	f
31	62	f
31	63	f
31		f
31	6b6579	f
31	68656c6c6f	f
31	7330	f
31	6b3339	f
31	c3a96b6579	f
31	e4b896e7958c	f
31	31	f
31	74727565	f
31	6e6573746564	f
31	666f6f	f
31	6c6f6e675f6b65795f746861745f69735f6d7563685f6c6f6e6765725f7468616e5f7468655f6f7468657273	f
32	61	f
32	62	f
32	63	f
32		f
32	6b6579	f
32	68656c6c6f	f
32	7330	f
32	6b3339	f
32	c3a96b6579	f
32	e4b896e7958c	f
32	31	f
32	74727565	f
32	6e6573746564	f
32	666f6f	f
32	6c6f6e675f6b65795f746861745f69735f6d7563685f6c6f6e6765725f7468616e5f7468655f6f7468657273	f
33	61	f
33	62	f
33	63	f
33		f
33	6b6579	f
33	68656c6c6f	f
33	7330	f
33	6b3339	f
33	c3a96b6579	f
33	e4b896e7958c	f
33	31	f
33	74727565	f
33	6e6573746564	f
33	666f6f	f
33	6c6f6e675f6b65795f746861745f69735f6d7563685f6c6f6e6765725f7468616e5f7468655f6f7468657273	f
34	61	f
34	62	f
34	63	f
34		f
34	6b6579	f
34	68656c6c6f	f
34	7330	f
34	6b3339	f
34	c3a96b6579	f
34	e4b896e7958c	f
34	31	f
34	74727565	f
34	6e6573746564	f
34	666f6f	f
34	6c6f6e675f6b65795f746861745f69735f6d7563685f6c6f6e6765725f7468616e5f7468655f6f7468657273	f
35	61	f
35	62	f
35	63	f
35		f
35	6b6579	f
35	68656c6c6f	f
35	7330	f
35	6b3339	f
35	c3a96b6579	f
35	e4b896e7958c	f
35	31	f
35	74727565	f
35	6e6573746564	f
35	666f6f	f
35	6c6f6e675f6b65795f746861745f69735f6d7563685f6c6f6e6765725f7468616e5f7468655f6f7468657273	f
36	61	f
36	62	f
36	63	f
36		f
36	6b6579	f
36	68656c6c6f	f
36	7330	f
36	6b3339	f
36	c3a96b6579	f
36	e4b896e7958c	f
36	31	f
36	74727565	f
36	6e6573746564	f
36	666f6f	f
36	6c6f6e675f6b65795f746861745f69735f6d7563685f6c6f6e6765725f7468616e5f7468655f6f7468657273	f
37	61	f
37	62	f
37	63	f
37		f
37	6b6579	f
37	68656c6c6f	f
37	7330	f
37	6b3339	f
37	c3a96b6579	f
37	e4b896e7958c	f
37	31	f
37	74727565	f
37	6e6573746564	f
37	666f6f	f
37	6c6f6e675f6b65795f746861745f69735f6d7563685f6c6f6e6765725f7468616e5f7468655f6f7468657273	f
38	61	t
38	62	t
38	63	t
38		f
38	6b6579	f
38	68656c6c6f	f
38	7330	f
38	6b3339	f
38	c3a96b6579	f
38	e4b896e7958c	f
38	31	f
38	74727565	f
38	6e6573746564	f
38	666f6f	f
38	6c6f6e675f6b65795f746861745f69735f6d7563685f6c6f6e6765725f7468616e5f7468655f6f7468657273	f
39	61	f
39	62	f
39	63	f
39		f
39	6b6579	f
39	68656c6c6f	f
39	7330	f
39	6b3339	f
39	c3a96b6579	f
39	e4b896e7958c	f
39	31	f
39	74727565	f
39	6e6573746564	f
39	666f6f	f
39	6c6f6e675f6b65795f746861745f69735f6d7563685f6c6f6e6765725f7468616e5f7468655f6f7468657273	f
40	61	f
40	62	f
40	63	f
40		f
40	6b6579	f
40	68656c6c6f	f
40	7330	f
40	6b3339	f
40	c3a96b6579	f
40	e4b896e7958c	f
40	31	f
40	74727565	f
40	6e6573746564	f
40	666f6f	f
40	6c6f6e675f6b65795f746861745f69735f6d7563685f6c6f6e6765725f7468616e5f7468655f6f7468657273	f
41	61	f
41	62	f
41	63	f
41		f
41	6b6579	f
41	68656c6c6f	f
41	7330	f
41	6b3339	f
41	c3a96b6579	f
41	e4b896e7958c	f
41	31	f
41	74727565	f
41	6e6573746564	f
41	666f6f	f
41	6c6f6e675f6b65795f746861745f69735f6d7563685f6c6f6e6765725f7468616e5f7468655f6f7468657273	f
42	61	f
42	62	f
42	63	f
42		f
42	6b6579	f
42	68656c6c6f	f
42	7330	t
42	6b3339	f
42	c3a96b6579	f
42	e4b896e7958c	f
42	31	f
42	74727565	f
42	6e6573746564	f
42	666f6f	f
42	6c6f6e675f6b65795f746861745f69735f6d7563685f6c6f6e6765725f7468616e5f7468655f6f7468657273	f
43	61	f
43	62	f
43	63	f
43		f
43	6b6579	f
43	68656c6c6f	f
43	7330	f
43	6b3339	f
43	c3a96b6579	f
43	e4b896e7958c	f
43	31	f
43	74727565	f
43	6e6573746564	f
43	666f6f	f
43	6c6f6e675f6b65795f746861745f69735f6d7563685f6c6f6e6765725f7468616e5f7468655f6f7468657273	f
44	61	t
44	62	f
44	63	f
44		f
44	6b6579	f
44	68656c6c6f	f
44	7330	f
44	6b3339	f
44	c3a96b6579	f
44	e4b896e7958c	f
44	31	f
44	74727565	f
44	6e6573746564	f
44	666f6f	f
44	6c6f6e675f6b65795f746861745f69735f6d7563685f6c6f6e6765725f7468616e5f7468655f6f7468657273	f
45	61	t
45	62	f
45	63	f
45		f
45	6b6579	f
45	68656c6c6f	f
45	7330	f
45	6b3339	f
45	c3a96b6579	f
45	e4b896e7958c	f
45	31	f
45	74727565	f
45	6e6573746564	f
45	666f6f	f
45	6c6f6e675f6b65795f746861745f69735f6d7563685f6c6f6e6765725f7468616e5f7468655f6f7468657273	f
46	61	f
46	62	f
46	63	f
46		t
46	6b6579	f
46	68656c6c6f	f
46	7330	f
46	6b3339	f
46	c3a96b6579	f
46	e4b896e7958c	f
46	31	f
46	74727565	f
46	6e6573746564	f
46	666f6f	f
46	6c6f6e675f6b65795f746861745f69735f6d7563685f6c6f6e6765725f7468616e5f7468655f6f7468657273	f
47	61	t
47	62	t
47	63	f
47		f
47	6b6579	f
47	68656c6c6f	f
47	7330	f
47	6b3339	f
47	c3a96b6579	f
47	e4b896e7958c	f
47	31	f
47	74727565	f
47	6e6573746564	f
47	666f6f	f
47	6c6f6e675f6b65795f746861745f69735f6d7563685f6c6f6e6765725f7468616e5f7468655f6f7468657273	f
48	61	t
48	62	t
48	63	f
48		f
48	6b6579	f
48	68656c6c6f	f
48	7330	f
48	6b3339	f
48	c3a96b6579	f
48	e4b896e7958c	f
48	31	f
48	74727565	f
48	6e6573746564	f
48	666f6f	f
48	6c6f6e675f6b65795f746861745f69735f6d7563685f6c6f6e6765725f7468616e5f7468655f6f7468657273	f
49	61	t
49	62	f
49	63	f
49		f
49	6b6579	f
49	68656c6c6f	f
49	7330	f
49	6b3339	f
49	c3a96b6579	f
49	e4b896e7958c	f
49	31	f
49	74727565	f
49	6e6573746564	f
49	666f6f	f
49	6c6f6e675f6b65795f746861745f69735f6d7563685f6c6f6e6765725f7468616e5f7468655f6f7468657273	f
50	61	t
50	62	t
50	63	f
50		f
50	6b6579	f
50	68656c6c6f	f
50	7330	f
50	6b3339	f
50	c3a96b6579	f
50	e4b896e7958c	f
50	31	f
50	74727565	f
50	6e6573746564	f
50	666f6f	f
50	6c6f6e675f6b65795f746861745f69735f6d7563685f6c6f6e6765725f7468616e5f7468655f6f7468657273	f
51	61	f
51	62	t
51	63	f
51		f
51	6b6579	f
51	68656c6c6f	f
51	7330	f
51	6b3339	f
51	c3a96b6579	f
51	e4b896e7958c	f
51	31	f
51	74727565	f
51	6e6573746564	f
51	666f6f	f
51	6c6f6e675f6b65795f746861745f69735f6d7563685f6c6f6e6765725f7468616e5f7468655f6f7468657273	f
52	61	f
52	62	f
52	63	f
52		f
52	6b6579	t
52	68656c6c6f	f
52	7330	f
52	6b3339	f
52	c3a96b6579	f
52	e4b896e7958c	f
52	31	f
52	74727565	f
52	6e6573746564	t
52	666f6f	f
52	6c6f6e675f6b65795f746861745f69735f6d7563685f6c6f6e6765725f7468616e5f7468655f6f7468657273	f
53	61	t
53	62	f
53	63	f
53		f
53	6b6579	f
53	68656c6c6f	f
53	7330	f
53	6b3339	f
53	c3a96b6579	f
53	e4b896e7958c	f
53	31	f
53	74727565	f
53	6e6573746564	f
53	666f6f	f
53	6c6f6e675f6b65795f746861745f69735f6d7563685f6c6f6e6765725f7468616e5f7468655f6f7468657273	f
54	61	f
54	62	f
54	63	f
54		f
54	6b6579	f
54	68656c6c6f	f
54	7330	f
54	6b3339	f
54	c3a96b6579	f
54	e4b896e7958c	f
54	31	f
54	74727565	f
54	6e6573746564	f
54	666f6f	f
54	6c6f6e675f6b65795f746861745f69735f6d7563685f6c6f6e6765725f7468616e5f7468655f6f7468657273	t
55	61	f
55	62	f
55	63	f
55		f
55	6b6579	f
55	68656c6c6f	f
55	7330	f
55	6b3339	t
55	c3a96b6579	f
55	e4b896e7958c	f
55	31	f
55	74727565	f
55	6e6573746564	f
55	666f6f	f
55	6c6f6e675f6b65795f746861745f69735f6d7563685f6c6f6e6765725f7468616e5f7468655f6f7468657273	f
56	61	f
56	62	f
56	63	f
56		f
56	6b6579	f
56	68656c6c6f	f
56	7330	f
56	6b3339	f
56	c3a96b6579	f
56	e4b896e7958c	t
56	31	f
56	74727565	f
56	6e6573746564	f
56	666f6f	f
56	6c6f6e675f6b65795f746861745f69735f6d7563685f6c6f6e6765725f7468616e5f7468655f6f7468657273	f
57	61	f
57	62	f
57	63	f
57		f
57	6b6579	f
57	68656c6c6f	f
57	7330	f
57	6b3339	f
57	c3a96b6579	f
57	e4b896e7958c	f
57	31	f
57	74727565	f
57	6e6573746564	f
57	666f6f	f
57	6c6f6e675f6b65795f746861745f69735f6d7563685f6c6f6e6765725f7468616e5f7468655f6f7468657273	f
58	61	f
58	62	f
58	63	f
58		f
58	6b6579	f
58	68656c6c6f	f
58	7330	f
58	6b3339	f
58	c3a96b6579	f
58	e4b896e7958c	f
58	31	f
58	74727565	f
58	6e6573746564	f
58	666f6f	f
58	6c6f6e675f6b65795f746861745f69735f6d7563685f6c6f6e6765725f7468616e5f7468655f6f7468657273	f
59	61	f
59	62	f
59	63	f
59		f
59	6b6579	f
59	68656c6c6f	f
59	7330	f
59	6b3339	f
59	c3a96b6579	f
59	e4b896e7958c	f
59	31	f
59	74727565	f
59	6e6573746564	f
59	666f6f	f
59	6c6f6e675f6b65795f746861745f69735f6d7563685f6c6f6e6765725f7468616e5f7468655f6f7468657273	f
60	61	f
60	62	f
60	63	f
60		f
60	6b6579	f
60	68656c6c6f	f
60	7330	f
60	6b3339	f
60	c3a96b6579	f
60	e4b896e7958c	f
60	31	f
60	74727565	f
60	6e6573746564	f
60	666f6f	f
60	6c6f6e675f6b65795f746861745f69735f6d7563685f6c6f6e6765725f7468616e5f7468655f6f7468657273	f
61	61	f
61	62	f
61	63	f
61		f
61	6b6579	f
61	68656c6c6f	f
61	7330	f
61	6b3339	f
61	c3a96b6579	f
61	e4b896e7958c	f
61	31	f
61	74727565	f
61	6e6573746564	f
61	666f6f	f
61	6c6f6e675f6b65795f746861745f69735f6d7563685f6c6f6e6765725f7468616e5f7468655f6f7468657273	f
62	61	t
62	62	t
62	63	f
62		f
62	6b6579	f
62	68656c6c6f	f
62	7330	f
62	6b3339	f
62	c3a96b6579	f
62	e4b896e7958c	f
62	31	f
62	74727565	f
62	6e6573746564	f
62	666f6f	f
62	6c6f6e675f6b65795f746861745f69735f6d7563685f6c6f6e6765725f7468616e5f7468655f6f7468657273	f
63	61	f
63	62	f
63	63	f
63		f
63	6b6579	f
63	68656c6c6f	f
63	7330	f
63	6b3339	f
63	c3a96b6579	f
63	e4b896e7958c	f
63	31	f
63	74727565	t
63	6e6573746564	f
63	666f6f	f
63	6c6f6e675f6b65795f746861745f69735f6d7563685f6c6f6e6765725f7468616e5f7468655f6f7468657273	f
64	61	f
64	62	f
64	63	f
64		f
64	6b6579	f
64	68656c6c6f	f
64	7330	f
64	6b3339	f
64	c3a96b6579	f
64	e4b896e7958c	f
64	31	f
64	74727565	f
64	6e6573746564	f
64	666f6f	t
64	6c6f6e675f6b65795f746861745f69735f6d7563685f6c6f6e6765725f7468616e5f7468655f6f7468657273	f
65	61	f
65	62	f
65	63	f
65		f
65	6b6579	f
65	68656c6c6f	f
65	7330	f
65	6b3339	f
65	c3a96b6579	f
65	e4b896e7958c	f
65	31	f
65	74727565	f
65	6e6573746564	f
65	666f6f	t
65	6c6f6e675f6b65795f746861745f69735f6d7563685f6c6f6e6765725f7468616e5f7468655f6f7468657273	f
66	61	f
66	62	f
66	63	f
66		f
66	6b6579	f
66	68656c6c6f	f
66	7330	f
66	6b3339	f
66	c3a96b6579	f
66	e4b896e7958c	f
66	31	f
66	74727565	f
66	6e6573746564	f
66	666f6f	f
66	6c6f6e675f6b65795f746861745f69735f6d7563685f6c6f6e6765725f7468616e5f7468655f6f7468657273	f
67	61	f
67	62	f
67	63	f
67		f
67	6b6579	f
67	68656c6c6f	f
67	7330	f
67	6b3339	f
67	c3a96b6579	f
67	e4b896e7958c	f
67	31	f
67	74727565	f
67	6e6573746564	f
67	666f6f	f
67	6c6f6e675f6b65795f746861745f69735f6d7563685f6c6f6e6765725f7468616e5f7468655f6f7468657273	f
68	61	t
68	62	f
68	63	f
68		f
68	6b6579	f
68	68656c6c6f	f
68	7330	f
68	6b3339	f
68	c3a96b6579	f
68	e4b896e7958c	f
68	31	f
68	74727565	f
68	6e6573746564	f
68	666f6f	f
68	6c6f6e675f6b65795f746861745f69735f6d7563685f6c6f6e6765725f7468616e5f7468655f6f7468657273	f
69	61	f
69	62	f
69	63	f
69		f
69	6b6579	f
69	68656c6c6f	f
69	7330	f
69	6b3339	f
69	c3a96b6579	f
69	e4b896e7958c	f
69	31	f
69	74727565	f
69	6e6573746564	f
69	666f6f	f
69	6c6f6e675f6b65795f746861745f69735f6d7563685f6c6f6e6765725f7468616e5f7468655f6f7468657273	f
70	61	f
70	62	f
70	63	f
70		f
70	6b6579	f
70	68656c6c6f	f
70	7330	f
70	6b3339	f
70	c3a96b6579	f
70	e4b896e7958c	f
70	31	f
70	74727565	f
70	6e6573746564	f
70	666f6f	f
70	6c6f6e675f6b65795f746861745f69735f6d7563685f6c6f6e6765725f7468616e5f7468655f6f7468657273	f
71	61	f
71	62	f
71	63	f
71		f
71	6b6579	f
71	68656c6c6f	f
71	7330	f
71	6b3339	f
71	c3a96b6579	f
71	e4b896e7958c	f
71	31	f
71	74727565	f
71	6e6573746564	f
71	666f6f	f
71	6c6f6e675f6b65795f746861745f69735f6d7563685f6c6f6e6765725f7468616e5f7468655f6f7468657273	f
72	61	f
72	62	f
72	63	f
72		f
72	6b6579	f
72	68656c6c6f	f
72	7330	f
72	6b3339	f
72	c3a96b6579	f
72	e4b896e7958c	f
72	31	f
72	74727565	f
72	6e6573746564	f
72	666f6f	f
72	6c6f6e675f6b65795f746861745f69735f6d7563685f6c6f6e6765725f7468616e5f7468655f6f7468657273	f
73	61	f
73	62	f
73	63	f
73		f
73	6b6579	f
73	68656c6c6f	f
73	7330	f
73	6b3339	f
73	c3a96b6579	f
73	e4b896e7958c	f
73	31	f
73	74727565	f
73	6e6573746564	f
73	666f6f	f
73	6c6f6e675f6b65795f746861745f69735f6d7563685f6c6f6e6765725f7468616e5f7468655f6f7468657273	f
74	61	f
74	62	f
74	63	f
74		f
74	6b6579	f
74	68656c6c6f	f
74	7330	f
74	6b3339	f
74	c3a96b6579	f
74	e4b896e7958c	f
74	31	f
74	74727565	f
74	6e6573746564	f
74	666f6f	f
74	6c6f6e675f6b65795f746861745f69735f6d7563685f6c6f6e6765725f7468616e5f7468655f6f7468657273	f
75	61	f
75	62	f
75	63	f
75		f
75	6b6579	f
75	68656c6c6f	f
75	7330	f
75	6b3339	f
75	c3a96b6579	t
75	e4b896e7958c	f
75	31	f
75	74727565	f
75	6e6573746564	f
75	666f6f	f
75	6c6f6e675f6b65795f746861745f69735f6d7563685f6c6f6e6765725f7468616e5f7468655f6f7468657273	f
76	61	f
76	62	f
76	63	f
76		f
76	6b6579	f
76	68656c6c6f	f
76	7330	f
76	6b3339	f
76	c3a96b6579	f
76	e4b896e7958c	f
76	31	f
76	74727565	f
76	6e6573746564	f
76	666f6f	f
76	6c6f6e675f6b65795f746861745f69735f6d7563685f6c6f6e6765725f7468616e5f7468655f6f7468657273	f
77	61	f
77	62	f
77	63	f
77		f
77	6b6579	f
77	68656c6c6f	f
77	7330	f
77	6b3339	f
77	c3a96b6579	f
77	e4b896e7958c	f
77	31	f
77	74727565	f
77	6e6573746564	f
77	666f6f	f
77	6c6f6e675f6b65795f746861745f69735f6d7563685f6c6f6e6765725f7468616e5f7468655f6f7468657273	f
78	61	t
78	62	f
78	63	f
78		f
78	6b6579	f
78	68656c6c6f	f
78	7330	f
78	6b3339	f
78	c3a96b6579	f
78	e4b896e7958c	f
78	31	f
78	74727565	f
78	6e6573746564	f
78	666f6f	f
78	6c6f6e675f6b65795f746861745f69735f6d7563685f6c6f6e6765725f7468616e5f7468655f6f7468657273	f
79	61	f
79	62	f
79	63	f
79		f
79	6b6579	f
79	68656c6c6f	f
79	7330	f
79	6b3339	f
79	c3a96b6579	f
79	e4b896e7958c	f
79	31	f
79	74727565	f
79	6e6573746564	f
79	666f6f	f
79	6c6f6e675f6b65795f746861745f69735f6d7563685f6c6f6e6765725f7468616e5f7468655f6f7468657273	f
80	61	f
80	62	f
80	63	f
80		f
80	6b6579	f
80	68656c6c6f	f
80	7330	f
80	6b3339	f
80	c3a96b6579	f
80	e4b896e7958c	f
80	31	f
80	74727565	f
80	6e6573746564	f
80	666f6f	f
80	6c6f6e675f6b65795f746861745f69735f6d7563685f6c6f6e6765725f7468616e5f7468655f6f7468657273	f
