# doc_idx	probe_hex	contains	contained
0	7b2261223a20317d	f	f
0	7b2261223a20327d	f	f
0	7b2262223a20327d	f	f
0	7b2261223a20312c202262223a20327d	f	f
0	5b315d	f	f
0	5b312c20325d	f	f
0	5b5b315d5d	f	f
0	31	f	f
0	226122	f	f
0	6e756c6c	t	t
0	5b5d	f	f
0	7b7d	f	f
0	7b2261223a207b2262223a207b2263223a205b315d7d7d7d	f	f
0	7b2261223a205b315d7d	f	f
0	5b7b2261223a20317d5d	f	f
0	5b2261222c202262225d	f	f
0	7b22666f6f223a207b22626172223a202262617a227d7d	f	f
0	5b312e355d	f	f
0	5b312e35305d	f	f
0	7b226e6573746564223a207b2278223a207b7d7d7d	f	f
0	5b7b7d5d	f	f
0	74727565	f	f
0	5b33305d	f	f
0	7b226b31223a20317d	f	f
0	5b227330225d	f	f
0	5b302e315d	f	f
1	7b2261223a20317d	f	f
1	7b2261223a20327d	f	f
1	7b2262223a20327d	f	f
1	7b2261223a20312c202262223a20327d	f	f
1	5b315d	f	f
1	5b312c20325d	f	f
1	5b5b315d5d	f	f
1	31	f	f
1	226122	f	f
1	6e756c6c	f	f
1	5b5d	f	f
1	7b7d	f	f
1	7b2261223a207b2262223a207b2263223a205b315d7d7d7d	f	f
1	7b2261223a205b315d7d	f	f
1	5b7b2261223a20317d5d	f	f
1	5b2261222c202262225d	f	f
1	7b22666f6f223a207b22626172223a202262617a227d7d	f	f
1	5b312e355d	f	f
1	5b312e35305d	f	f
1	7b226e6573746564223a207b2278223a207b7d7d7d	f	f
1	5b7b7d5d	f	f
1	74727565	t	t
1	5b33305d	f	f
1	7b226b31223a20317d	f	f
1	5b227330225d	f	f
1	5b302e315d	f	f
2	7b2261223a20317d	f	f
2	7b2261223a20327d	f	f
2	7b2262223a20327d	f	f
2	7b2261223a20312c202262223a20327d	f	f
2	5b315d	f	f
2	5b312c20325d	f	f
2	5b5b315d5d	f	f
2	31	f	f
2	226122	f	f
2	6e756c6c	f	f
2	5b5d	f	f
2	7b7d	f	f
2	7b2261223a207b2262223a207b2263223a205b315d7d7d7d	f	f
2	7b2261223a205b315d7d	f	f
2	5b7b2261223a20317d5d	f	f
2	5b2261222c202262225d	f	f
2	7b22666f6f223a207b22626172223a202262617a227d7d	f	f
2	5b312e355d	f	f
2	5b312e35305d	f	f
2	7b226e6573746564223a207b2278223a207b7d7d7d	f	f
2	5b7b7d5d	f	f
2	74727565	f	f
2	5b33305d	f	f
2	7b226b31223a20317d	f	f
2	5b227330225d	f	f
2	5b302e315d	f	f
3	7b2261223a20317d	f	f
3	7b2261223a20327d	f	f
3	7b2262223a20327d	f	f
3	7b2261223a20312c202262223a20327d	f	f
3	5b315d	f	t
3	5b312c20325d	f	t
3	5b5b315d5d	f	f
3	31	t	t
3	226122	f	f
3	6e756c6c	f	f
3	5b5d	f	f
3	7b7d	f	f
3	7b2261223a207b2262223a207b2263223a205b315d7d7d7d	f	f
3	7b2261223a205b315d7d	f	f
3	5b7b2261223a20317d5d	f	f
3	5b2261222c202262225d	f	f
3	7b22666f6f223a207b22626172223a202262617a227d7d	f	f
3	5b312e355d	f	f
3	5b312e35305d	f	f
3	7b226e6573746564223a207b2278223a207b7d7d7d	f	f
3	5b7b7d5d	f	f
3	74727565	f	f
3	5b33305d	f	f
3	7b226b31223a20317d	f	f
3	5b227330225d	f	f
3	5b302e315d	f	f
4	7b2261223a20317d	f	f
4	7b2261223a20327d	f	f
4	7b2262223a20327d	f	f
4	7b2261223a20312c202262223a20327d	f	f
4	5b315d	f	f
4	5b312c20325d	f	f
4	5b5b315d5d	f	f
4	31	f	f
4	226122	f	f
4	6e756c6c	f	f
4	5b5d	f	f
4	7b7d	f	f
4	7b2261223a207b2262223a207b2263223a205b315d7d7d7d	f	f
4	7b2261223a205b315d7d	f	f
4	5b7b2261223a20317d5d	f	f
4	5b2261222c202262225d	f	f
4	7b22666f6f223a207b22626172223a202262617a227d7d	f	f
4	5b312e355d	f	f
4	5b312e35305d	f	f
4	7b226e6573746564223a207b2278223a207b7d7d7d	f	f
4	5b7b7d5d	f	f
4	74727565	f	f
4	5b33305d	f	f
4	7b226b31223a20317d	f	f
4	5b227330225d	f	f
4	5b302e315d	f	f
5	7b2261223a20317d	f	f
5	7b2261223a20327d	f	f
5	7b2262223a20327d	f	f
5	7b2261223a20312c202262223a20327d	f	f
5	5b315d	f	f
5	5b312c20325d	f	f
5	5b5b315d5d	f	f
5	31	f	f
5	226122	f	f
5	6e756c6c	f	f
5	5b5d	f	f
5	7b7d	f	f
5	7b2261223a207b2262223a207b2263223a205b315d7d7d7d	f	f
5	7b2261223a205b315d7d	f	f
5	5b7b2261223a20317d5d	f	f
5	5b2261222c202262225d	f	f
5	7b22666f6f223a207b22626172223a202262617a227d7d	f	f
5	5b312e355d	f	f
5	5b312e35305d	f	f
5	7b226e6573746564223a207b2278223a207b7d7d7d	f	f
5	5b7b7d5d	f	f
5	74727565	f	f
5	5b33305d	f	f
5	7b226b31223a20317d	f	f
5	5b227330225d	f	f
5	5b302e315d	f	f
6	7b2261223a20317d	f	f
6	7b2261223a20327d	f	f
6	7b2262223a20327d	f	f
6	7b2261223a20312c202262223a20327d	f	f
6	5b315d	f	f
6	5b312c20325d	f	f
6	5b5b315d5d	f	f
6	31	f	f
6	226122	f	f
6	6e756c6c	f	f
6	5b5d	f	f
6	7b7d	f	f
6	7b2261223a207b2262223a207b2263223a205b315d7d7d7d	f	f
6	7b2261223a205b315d7d	f	f
6	5b7b2261223a20317d5d	f	f
6	5b2261222c202262225d	f	f
6	7b22666f6f223a207b22626172223a202262617a227d7d	f	f
6	5b312e355d	f	f
6	5b312e35305d	f	f
6	7b226e6573746564223a207b2278223a207b7d7d7d	f	f
6	5b7b7d5d	f	f
6	74727565	f	f
6	5b33305d	f	f
6	7b226b31223a20317d	f	f
6	5b227330225d	f	f
6	5b302e315d	f	f
7	7b2261223a20317d	f	f
7	7b2261223a20327d	f	f
7	7b2262223a20327d	f	f
7	7b2261223a20312c202262223a20327d	f	f
7	5b315d	f	f
7	5b312c20325d	f	f
7	5b5b315d5d	f	f
7	31	f	f
7	226122	f	f
7	6e756c6c	f	f
7	5b5d	f	f
7	7b7d	f	f
7	7b2261223a207b2262223a207b2263223a205b315d7d7d7d	f	f
7	7b2261223a205b315d7d	f	f
7	5b7b2261223a20317d5d	f	f
7	5b2261222c202262225d	f	f
7	7b22666f6f223a207b22626172223a202262617a227d7d	f	f
7	5b312e355d	f	f
7	5b312e35305d	f	f
7	7b226e6573746564223a207b2278223a207b7d7d7d	f	f
7	5b7b7d5d	f	f
7	74727565	f	f
7	5b33305d	f	f
7	7b226b31223a20317d	f	f
7	5b227330225d	f	f
7	5b302e315d	f	f
8	7b2261223a20317d	f	f
8	7b2261223a20327d	f	f
8	7b2262223a20327d	f	f
8	7b2261223a20312c202262223a20327d	f	f
8	5b315d	f	f
8	5b312c20325d	f	f
8	5b5b315d5d	f	f
8	31	f	f
8	226122	f	f
8	6e756c6c	f	f
8	5b5d	f	f
8	7b7d	f	f
8	7b2261223a207b2262223a207b2263223a205b315d7d7d7d	f	f
8	7b2261223a205b315d7d	f	f
8	5b7b2261223a20317d5d	f	f
8	5b2261222c202262225d	f	f
8	7b22666f6f223a207b22626172223a202262617a227d7d	f	f
8	5b312e355d	f	f
8	5b312e35305d	f	f
8	7b226e6573746564223a207b2278223a207b7d7d7d	f	f
8	5b7b7d5d	f	f
8	74727565	f	f
8	5b33305d	f	f
8	7b226b31223a20317d	f	f
8	5b227330225d	f	f
8	5b302e315d	f	f
9	7b2261223a20317d	f	f
9	7b2261223a20327d	f	f
9	7b2262223a20327d	f	f
9	7b2261223a20312c202262223a20327d	f	f
9	5b315d	f	f
9	5b312c20325d	f	f
9	5b5b315d5d	f	f
9	31	f	f
9	226122	f	f
9	6e756c6c	f	f
9	5b5d	f	f
9	7b7d	f	f
9	7b2261223a207b2262223a207b2263223a205b315d7d7d7d	f	f
9	7b2261223a205b315d7d	f	f
9	5b7b2261223a20317d5d	f	f
9	5b2261222c202262225d	f	f
9	7b22666f6f223a207b22626172223a202262617a227d7d	f	f
9	5b312e355d	f	t
9	5b312e35305d	f	t
9	7b226e6573746564223a207b2278223a207b7d7d7d	f	f
9	5b7b7d5d	f	f
9	74727565	f	f
9	5b33305d	f	f
9	7b226b31223a20317d	f	f
9	5b227330225d	f	f
9	5b302e315d	f	f
10	7b2261223a20317d	f	f
10	7b2261223a20327d	f	f
10	7b2262223a20327d	f	f
10	7b2261223a20312c202262223a20327d	f	f
10	5b315d	f	f
10	5b312c20325d	f	f
10	5b5b315d5d	f	f
10	31	f	f
10	226122	f	f
10	6e756c6c	f	f
10	5b5d	f	f
10	7b7d	f	f
10	7b2261223a207b2262223a207b2263223a205b315d7d7d7d	f	f
10	7b2261223a205b315d7d	f	f
10	5b7b2261223a20317d5d	f	f
10	5b2261222c202262225d	f	f
10	7b22666f6f223a207b22626172223a202262617a227d7d	f	f
10	5b312e355d	f	f
10	5b312e35305d	f	f
10	7b226e6573746564223a207b2278223a207b7d7d7d	f	f
10	5b7b7d5d	f	f
10	74727565	f	f
10	5b33305d	f	f
10	7b226b31223a20317d	f	f
10	5b227330225d	f	f
10	5b302e315d	f	f
11	7b2261223a20317d	f	f
11	7b2261223a20327d	f	f
11	7b2262223a20327d	f	f
11	7b2261223a20312c202262223a20327d	f	f
11	5b315d	f	f
11	5b312c20325d	f	f
11	5b5b315d5d	f	f
11	31	f	f
11	226122	f	f
11	6e756c6c	f	f
11	5b5d	f	f
11	7b7d	f	f
11	7b2261223a207b2262223a207b2263223a205b315d7d7d7d	f	f
11	7b2261223a205b315d7d	f	f
11	5b7b2261223a20317d5d	f	f
11	5b2261222c202262225d	f	f
11	7b22666f6f223a207b22626172223a202262617a227d7d	f	f
11	5b312e355d	f	f
11	5b312e35305d	f	f
11	7b226e6573746564223a207b2278223a207b7d7d7d	f	f
11	5b7b7d5d	f	f
11	74727565	f	f
11	5b33305d	f	f
11	7b226b31223a20317d	f	f
11	5b227330225d	f	f
11	5b302e315d	f	f
12	7b2261223a20317d	f	f
12	7b2261223a20327d	f	f
12	7b2262223a20327d	f	f
12	7b2261223a20312c202262223a20327d	f	f
12	5b315d	f	f
12	5b312c20325d	f	f
12	5b5b315d5d	f	f
12	31	f	f
12	226122	f	f
12	6e756c6c	f	f
12	5b5d	f	f
12	7b7d	f	f
12	7b2261223a207b2262223a207b2263223a205b315d7d7d7d	f	f
12	7b2261223a205b315d7d	f	f
12	5b7b2261223a20317d5d	f	f
12	5b2261222c202262225d	f	f
12	7b22666f6f223a207b22626172223a202262617a227d7d	f	f
12	5b312e355d	f	f
12	5b312e35305d	f	f
12	7b226e6573746564223a207b2278223a207b7d7d7d	f	f
12	5b7b7d5d	f	f
12	74727565	f	f
12	5b33305d	f	f
12	7b226b31223a20317d	f	f
12	5b227330225d	f	f
12	5b302e315d	f	f
13	7b2261223a20317d	f	f
13	7b2261223a20327d	f	f
13	7b2262223a20327d	f	f
13	7b2261223a20312c202262223a20327d	f	f
13	5b315d	f	f
13	5b312c20325d	f	f
13	5b5b315d5d	f	f
13	31	f	f
13	226122	f	f
13	6e756c6c	f	f
13	5b5d	f	f
13	7b7d	f	f
13	7b2261223a207b2262223a207b2263223a205b315d7d7d7d	f	f
13	7b2261223a205b315d7d	f	f
13	5b7b2261223a20317d5d	f	f
13	5b2261222c202262225d	f	f
13	7b22666f6f223a207b22626172223a202262617a227d7d	f	f
13	5b312e355d	f	f
13	5b312e35305d	f	f
13	7b226e6573746564223a207b2278223a207b7d7d7d	f	f
13	5b7b7d5d	f	f
13	74727565	f	f
13	5b33305d	f	f
13	7b226b31223a20317d	f	f
13	5b227330225d	f	f
13	5b302e315d	f	f
14	7b2261223a20317d	f	f
14	7b2261223a20327d	f	f
14	7b2262223a20327d	f	f
14	7b2261223a20312c202262223a20327d	f	f
14	5b315d	f	f
14	5b312c20325d	f	f
14	5b5b315d5d	f	f
14	31	f	f
14	226122	f	f
14	6e756c6c	f	f
14	5b5d	f	f
14	7b7d	f	f
14	7b2261223a207b2262223a207b2263223a205b315d7d7d7d	f	f
14	7b2261223a205b315d7d	f	f
14	5b7b2261223a20317d5d	f	f
14	5b2261222c202262225d	f	f
14	7b22666f6f223a207b22626172223a202262617a227d7d	f	f
14	5b312e355d	f	f
14	5b312e35305d	f	f
14	7b226e6573746564223a207b2278223a207b7d7d7d	f	f
14	5b7b7d5d	f	f
14	74727565	f	f
14	5b33305d	f	f
14	7b226b31223a20317d	f	f
14	5b227330225d	f	f
14	5b302e315d	f	f
15	7b2261223a20317d	f	f
15	7b2261223a20327d	f	f
15	7b2262223a20327d	f	f
15	7b2261223a20312c202262223a20327d	f	f
15	5b315d	f	f
15	5b312c20325d	f	f
15	5b5b315d5d	f	f
15	31	f	f
15	226122	f	f
15	6e756c6c	f	f
15	5b5d	f	f
15	7b7d	f	f
15	7b2261223a207b2262223a207b2263223a205b315d7d7d7d	f	f
15	7b2261223a205b315d7d	f	f
15	5b7b2261223a20317d5d	f	f
15	5b2261222c202262225d	f	f
15	7b22666f6f223a207b22626172223a202262617a227d7d	f	f
15	5b312e355d	f	f
15	5b312e35305d	f	f
15	7b226e6573746564223a207b2278223a207b7d7d7d	f	f
15	5b7b7d5d	f	f
15	74727565	f	f
15	5b33305d	f	f
15	7b226b31223a20317d	f	f
15	5b227330225d	f	f
15	5b302e315d	f	f
16	7b2261223a20317d	f	f
16	7b2261223a20327d	f	f
16	7b2262223a20327d	f	f
16	7b2261223a20312c202262223a20327d	f	f
16	5b315d	f	f
16	5b312c20325d	f	f
16	5b5b315d5d	f	f
16	31	f	f
16	226122	f	f
16	6e756c6c	f	f
16	5b5d	f	f
16	7b7d	f	f
16	7b2261223a207b2262223a207b2263223a205b315d7d7d7d	f	f
16	7b2261223a205b315d7d	f	f
16	5b7b2261223a20317d5d	f	f
16	5b2261222c202262225d	f	f
16	7b22666f6f223a207b22626172223a202262617a227d7d	f	f
16	5b312e355d	f	f
16	5b312e35305d	f	f
16	7b226e6573746564223a207b2278223a207b7d7d7d	f	f
16	5b7b7d5d	f	f
16	74727565	f	f
16	5b33305d	f	f
16	7b226b31223a20317d	f	f
16	5b227330225d	f	f
16	5b302e315d	f	f
17	7b2261223a20317d	f	f
17	7b2261223a20327d	f	f
17	7b2262223a20327d	f	f
17	7b2261223a20312c202262223a20327d	f	f
17	5b315d	f	f
17	5b312c20325d	f	f
17	5b5b315d5d	f	f
17	31	f	f
17	226122	f	f
17	6e756c6c	f	f
17	5b5d	f	f
17	7b7d	f	f
17	7b2261223a207b2262223a207b2263223a205b315d7d7d7d	f	f
17	7b2261223a205b315d7d	f	f
17	5b7b2261223a20317d5d	f	f
17	5b2261222c202262225d	f	f
17	7b22666f6f223a207b22626172223a202262617a227d7d	f	f
17	5b312e355d	f	f
17	5b312e35305d	f	f
17	7b226e6573746564223a207b2278223a207b7d7d7d	f	f
17	5b7b7d5d	f	f
17	74727565	f	f
17	5b33305d	f	f
17	7b226b31223a20317d	f	f
17	5b227330225d	f	f
17	5b302e315d	f	f
18	7b2261223a20317d	f	f
18	7b2261223a20327d	f	f
18	7b2262223a20327d	f	f
18	7b2261223a20312c202262223a20327d	f	f
18	5b315d	f	f
18	5b312c20325d	f	f
18	5b5b315d5d	f	f
18	31	f	f
18	226122	f	f
18	6e756c6c	f	f
18	5b5d	f	f
18	7b7d	f	f
18	7b2261223a207b2262223a207b2263223a205b315d7d7d7d	f	f
18	7b2261223a205b315d7d	f	f
18	5b7b2261223a20317d5d	f	f
18	5b2261222c202262225d	f	f
18	7b22666f6f223a207b22626172223a202262617a227d7d	f	f
18	5b312e355d	f	f
18	5b312e35305d	f	f
18	7b226e6573746564223a207b2278223a207b7d7d7d	f	f
18	5b7b7d5d	f	f
18	74727565	f	f
18	5b33305d	f	f
18	7b226b31223a20317d	f	f
18	5b227330225d	f	f
18	5b302e315d	f	f
19	7b2261223a20317d	f	f
19	7b2261223a20327d	f	f
19	7b2262223a20327d	f	f
19	7b2261223a20312c202262223a20327d	f	f
19	5b315d	f	f
19	5b312c20325d	f	f
19	5b5b315d5d	f	f
19	31	f	f
19	226122	f	f
19	6e756c6c	f	f
19	5b5d	f	f
19	7b7d	f	f
19	7b2261223a207b2262223a207b2263223a205b315d7d7d7d	f	f
19	7b2261223a205b315d7d	f	f
19	5b7b2261223a20317d5d	f	f
19	5b2261222c202262225d	f	f
19	7b22666f6f223a207b22626172223a202262617a227d7d	f	f
19	5b312e355d	f	f
19	5b312e35305d	f	f
19	7b226e6573746564223a207b2278223a207b7d7d7d	f	f
19	5b7b7d5d	f	f
19	74727565	f	f
19	5b33305d	f	f
19	7b226b31223a20317d	f	f
19	5b227330225d	f	f
19	5b302e315d	f	f
20	7b2261223a20317d	f	f
20	7b2261223a20327d	f	f
20	7b2262223a20327d	f	f
20	7b2261223a20312c202262223a20327d	f	f
20	5b315d	f	f
20	5b312c20325d	f	f
20	5b5b315d5d	f	f
20	31	f	f
20	226122	f	f
20	6e756c6c	f	f
20	5b5d	f	f
20	7b7d	f	f
20	7b2261223a207b2262223a207b2263223a205b315d7d7d7d	f	f
20	7b2261223a205b315d7d	f	f
20	5b7b2261223a20317d5d	f	f
20	5b2261222c202262225d	f	f
20	7b22666f6f223a207b22626172223a202262617a227d7d	f	f
20	5b312e355d	f	f
20	5b312e35305d	f	f
20	7b226e6573746564223a207b2278223a207b7d7d7d	f	f
20	5b7b7d5d	f	f
20	74727565	f	f
20	5b33305d	f	f
20	7b226b31223a20317d	f	f
20	5b227330225d	f	f
20	5b302e315d	f	f
21	7b2261223a20317d	f	f
21	7b2261223a20327d	f	f
21	7b2262223a20327d	f	f
21	7b2261223a20312c202262223a20327d	f	f
21	5b315d	f	f
21	5b312c20325d	f	f
21	5b5b315d5d	f	f
21	31	f	f
21	226122	f	f
21	6e756c6c	f	f
21	5b5d	f	f
21	7b7d	f	f
21	7b2261223a207b2262223a207b2263223a205b315d7d7d7d	f	f
21	7b2261223a205b315d7d	f	f
21	5b7b2261223a20317d5d	f	f
21	5b2261222c202262225d	f	f
21	7b22666f6f223a207b22626172223a202262617a227d7d	f	f
21	5b312e355d	f	f
21	5b312e35305d	f	f
21	7b226e6573746564223a207b2278223a207b7d7d7d	f	f
21	5b7b7d5d	f	f
21	74727565	f	f
21	5b33305d	f	f
21	7b226b31223a20317d	f	f
21	5b227330225d	f	f
21	5b302e315d	f	f
22	7b2261223a20317d	f	f
22	7b2261223a20327d	f	f
22	7b2262223a20327d	f	f
22	7b2261223a20312c202262223a20327d	f	f
22	5b315d	f	f
22	5b312c20325d	f	f
22	5b5b315d5d	f	f
22	31	f	f
22	226122	t	t
22	6e756c6c	f	f
22	5b5d	f	f
22	7b7d	f	f
22	7b2261223a207b2262223a207b2263223a205b315d7d7d7d	f	f
22	7b2261223a205b315d7d	f	f
22	5b7b2261223a20317d5d	f	f
22	5b2261222c202262225d	f	t
22	7b22666f6f223a207b22626172223a202262617a227d7d	f	f
22	5b312e355d	f	f
22	5b312e35305d	f	f
22	7b226e6573746564223a207b2278223a207b7d7d7d	f	f
22	5b7b7d5d	f	f
22	74727565	f	f
22	5b33305d	f	f
22	7b226b31223a20317d	f	f
22	5b227330225d	f	f
22	5b302e315d	f	f
23	7b2261223a20317d	f	f
23	7b2261223a20327d	f	f
23	7b2262223a20327d	f	f
23	7b2261223a20312c202262223a20327d	f	f
23	5b315d	f	f
23	5b312c20325d	f	f
23	5b5b315d5d	f	f
23	31	f	f
23	226122	f	f
23	6e756c6c	f	f
23	5b5d	f	f
23	7b7d	f	f
23	7b2261223a207b2262223a207b2263223a205b315d7d7d7d	f	f
23	7b2261223a205b315d7d	f	f
23	5b7b2261223a20317d5d	f	f
23	5b2261222c202262225d	f	f
23	7b22666f6f223a207b22626172223a202262617a227d7d	f	f
23	5b312e355d	f	f
23	5b312e35305d	f	f
23	7b226e6573746564223a207b2278223a207b7d7d7d	f	f
23	5b7b7d5d	f	f
23	74727565	f	f
23	5b33305d	f	f
23	7b226b31223a20317d	f	f
23	5b227330225d	f	f
23	5b302e315d	f	f
24	7b2261223a20317d	f	f
24	7b2261223a20327d	f	f
24	7b2262223a20327d	f	f
24	7b2261223a20312c202262223a20327d	f	f
24	5b315d	f	f
24	5b312c20325d	f	f
24	5b5b315d5d	f	f
24	31	f	f
24	226122	f	f
24	6e756c6c	f	f
24	5b5d	f	f
24	7b7d	f	f
24	7b2261223a207b2262223a207b2263223a205b315d7d7d7d	f	f
24	7b2261223a205b315d7d	f	f
24	5b7b2261223a20317d5d	f	f
24	5b2261222c202262225d	f	f
24	7b22666f6f223a207b22626172223a202262617a227d7d	f	f
24	5b312e355d	f	f
24	5b312e35305d	f	f
24	7b226e6573746564223a207b2278223a207b7d7d7d	f	f
24	5b7b7d5d	f	f
24	74727565	f	f
24	5b33305d	f	f
24	7b226b31223a20317d	f	f
24	5b227330225d	f	f
24	5b302e315d	f	f
25	7b2261223a20317d	f	f
25	7b2261223a20327d	f	f
25	7b2262223a20327d	f	f
25	7b2261223a20312c202262223a20327d	f	f
25	5b315d	f	f
25	5b312c20325d	f	f
25	5b5b315d5d	f	f
25	31	f	f
25	226122	f	f
25	6e756c6c	f	f
25	5b5d	f	f
25	7b7d	f	f
25	7b2261223a207b2262223a207b2263223a205b315d7d7d7d	f	f
25	7b2261223a205b315d7d	f	f
25	5b7b2261223a20317d5d	f	f
25	5b2261222c202262225d	f	f
25	7b22666f6f223a207b22626172223a202262617a227d7d	f	f
25	5b312e355d	f	f
25	5b312e35305d	f	f
25	7b226e6573746564223a207b2278223a207b7d7d7d	f	f
25	5b7b7d5d	f	f
25	74727565	f	f
25	5b33305d	f	f
25	7b226b31223a20317d	f	f
25	5b227330225d	f	f
25	5b302e315d	f	f
26	7b2261223a20317d	f	f
26	7b2261223a20327d	f	f
26	7b2262223a20327d	f	f
26	7b2261223a20312c202262223a20327d	f	f
26	5b315d	f	f
26	5b312c20325d	f	f
26	5b5b315d5d	f	f
26	31	f	f
26	226122	f	f
26	6e756c6c	f	f
26	5b5d	f	f
26	7b7d	f	f
26	7b2261223a207b2262223a207b2263223a205b315d7d7d7d	f	f
26	7b2261223a205b315d7d	f	f
26	5b7b2261223a20317d5d	f	f
26	5b2261222c202262225d	f	f
26	7b22666f6f223a207b22626172223a202262617a227d7d	f	f
26	5b312e355d	f	f
26	5b312e35305d	f	f
26	7b226e6573746564223a207b2278223a207b7d7d7d	f	f
26	5b7b7d5d	f	f
26	74727565	f	f
26	5b33305d	f	f
26	7b226b31223a20317d	f	f
26	5b227330225d	f	f
26	5b302e315d	f	f
27	7b2261223a20317d	f	f
27	7b2261223a20327d	f	f
27	7b2262223a20327d	f	f
27	7b2261223a20312c202262223a20327d	f	f
27	5b315d	f	f
27	5b312c20325d	f	f
27	5b5b315d5d	f	f
27	31	f	f
27	226122	f	f
27	6e756c6c	f	f
27	5b5d	f	f
27	7b7d	f	f
27	7b2261223a207b2262223a207b2263223a205b315d7d7d7d	f	f
27	7b2261223a205b315d7d	f	f
27	5b7b2261223a20317d5d	f	f
27	5b2261222c202262225d	f	f
27	7b22666f6f223a207b22626172223a202262617a227d7d	f	f
27	5b312e355d	f	f
27	5b312e35305d	f	f
27	7b226e6573746564223a207b2278223a207b7d7d7d	f	f
27	5b7b7d5d	f	f
27	74727565	f	f
27	5b33305d	f	f
27	7b226b31223a20317d	f	f
27	5b227330225d	f	f
27	5b302e315d	f	f
28	7b2261223a20317d	f	f
28	7b2261223a20327d	f	f
28	7b2262223a20327d	f	f
28	7b2261223a20312c202262223a20327d	f	f
28	5b315d	f	f
28	5b312c20325d	f	f
28	5b5b315d5d	f	f
28	31	f	f
28	226122	f	f
28	6e756c6c	f	f
28	5b5d	f	f
28	7b7d	f	f
28	7b2261223a207b2262223a207b2263223a205b315d7d7d7d	f	f
28	7b2261223a205b315d7d	f	f
28	5b7b2261223a20317d5d	f	f
28	5b2261222c202262225d	f	f
28	7b22666f6f223a207b22626172223a202262617a227d7d	f	f
28	5b312e355d	f	f
28	5b312e35305d	f	f
28	7b226e6573746564223a207b2278223a207b7d7d7d	f	f
28	5b7b7d5d	f	f
28	74727565	f	f
28	5b33305d	f	f
28	7b226b31223a20317d	f	f
28	5b227330225d	f	f
28	5b302e315d	f	f
29	7b2261223a20317d	f	f
29	7b2261223a20327d	f	f
29	7b2262223a20327d	f	f
29	7b2261223a20312c202262223a20327d	f	f
29	5b315d	f	f
29	5b312c20325d	f	f
29	5b5b315d5d	f	f
29	31	f	f
29	226122	f	f
29	6e756c6c	f	f
29	5b5d	f	f
29	7b7d	f	f
29	7b2261223a207b2262223a207b2263223a205b315d7d7d7d	f	f
29	7b2261223a205b315d7d	f	f
29	5b7b2261223a20317d5d	f	f
29	5b2261222c202262225d	f	f
29	7b22666f6f223a207b22626172223a202262617a227d7d	f	f
29	5b312e355d	f	f
29	5b312e35305d	f	f
29	7b226e6573746564223a207b2278223a207b7d7d7d	f	f
29	5b7b7d5d	f	f
29	74727565	f	f
29	5b33305d	f	f
29	7b226b31223a20317d	f	f
29	5b227330225d	f	f
29	5b302e315d	f	f
30	7b2261223a20317d	f	f
30	7b2261223a20327d	f	f
30	7b2262223a20327d	f	f
30	7b2261223a20312c202262223a20327d	f	f
30	5b315d	f	f
30	5b312c20325d	f	f
30	5b5b315d5d	f	f
30	31	f	f
30	226122	f	f
30	6e756c6c	f	f
30	5b5d	f	f
30	7b7d	f	f
30	7b2261223a207b2262223a207b2263223a205b315d7d7d7d	f	f
30	7b2261223a205b315d7d	f	f
30	5b7b2261223a20317d5d	f	f
30	5b2261222c202262225d	f	f
30	7b22666f6f223a207b22626172223a202262617a227d7d	f	f
30	5b312e355d	f	f
30	5b312e35305d	f	f
30	7b226e6573746564223a207b2278223a207b7d7d7d	f	f
30	5b7b7d5d	f	f
30	74727565	f	f
30	5b33305d	f	f
30	7b226b31223a20317d	f	f
30	5b227330225d	f	f
30	5b302e315d	f	f
31	7b2261223a20317d	f	f
31	7b2261223a20327d	f	f
31	7b2262223a20327d	f	f
31	7b2261223a20312c202262223a20327d	f	f
31	5b315d	f	t
31	5b312c20325d	f	t
31	5b5b315d5d	f	t
31	31	f	f
31	226122	f	f
31	6e756c6c	f	f
31	5b5d	t	t
31	7b7d	f	f
31	7b2261223a207b2262223a207b2263223a205b315d7d7d7d	f	f
31	7b2261223a205b315d7d	f	f
31	5b7b2261223a20317d5d	f	t
31	5b2261222c202262225d	f	t
31	7b22666f6f223a207b22626172223a202262617a227d7d	f	f
31	5b312e355d	f	t
31	5b312e35305d	f	t
31	7b226e6573746564223a207b2278223a207b7d7d7d	f	f
31	5b7b7d5d	f	t
31	74727565	f	f
31	5b33305d	f	t
31	7b226b31223a20317d	f	f
31	5b227330225d	f	t
31	5b302e315d	f	t
32	7b2261223a20317d	f	t
32	7b2261223a20327d	f	t
32	7b2262223a20327d	f	t
32	7b2261223a20312c202262223a20327d	f	t
32	5b315d	f	f
32	5b312c20325d	f	f
32	5b5b315d5d	f	f
32	31	f	f
32	226122	f	f
32	6e756c6c	f	f
32	5b5d	f	f
32	7b7d	t	t
32	7b2261223a207b2262223a207b2263223a205b315d7d7d7d	f	t
32	7b2261223a205b315d7d	f	t
32	5b7b2261223a20317d5d	f	f
32	5b2261222c202262225d	f	f
32	7b22666f6f223a207b22626172223a202262617a227d7d	f	t
32	5b312e355d	f	f
32	5b312e35305d	f	f
32	7b226e6573746564223a207b2278223a207b7d7d7d	f	t
32	5b7b7d5d	f	f
32	74727565	f	f
32	5b33305d	f	f
32	7b226b31223a20317d	f	t
32	5b227330225d	f	f
32	5b302e315d	f	f
33	7b2261223a20317d	f	f
33	7b2261223a20327d	f	f
33	7b2262223a20327d	f	f
33	7b2261223a20312c202262223a20327d	f	f
33	5b315d	f	f
33	5b312c20325d	f	f
33	5b5b315d5d	f	f
33	31	f	f
33	226122	f	f
33	6e756c6c	t	f
33	5b5d	t	f
33	7b7d	f	f
33	7b2261223a207b2262223a207b2263223a205b315d7d7d7d	f	f
33	7b2261223a205b315d7d	f	f
33	5b7b2261223a20317d5d	f	f
33	5b2261222c202262225d	f	f
33	7b22666f6f223a207b22626172223a202262617a227d7d	f	f
33	5b312e355d	f	f
33	5b312e35305d	f	f
33	7b226e6573746564223a207b2278223a207b7d7d7d	f	f
33	5b7b7d5d	f	f
33	74727565	f	f
33	5b33305d	f	f
33	7b226b31223a20317d	f	f
33	5b227330225d	f	f
33	5b302e315d	f	f
34	7b2261223a20317d	f	f
34	7b2261223a20327d	f	f
34	7b2262223a20327d	f	f
34	7b2261223a20312c202262223a20327d	f	f
34	5b315d	t	t
34	5b312c20325d	f	t
34	5b5b315d5d	f	f
34	31	t	f
34	226122	f	f
34	6e756c6c	f	f
34	5b5d	t	f
34	7b7d	f	f
34	7b2261223a207b2262223a207b2263223a205b315d7d7d7d	f	f
34	7b2261223a205b315d7d	f	f
34	5b7b2261223a20317d5d	f	f
34	5b2261222c202262225d	f	f
34	7b22666f6f223a207b22626172223a202262617a227d7d	f	f
34	5b312e355d	f	f
34	5b312e35305d	f	f
34	7b226e6573746564223a207b2278223a207b7d7d7d	f	f
34	5b7b7d5d	f	f
34	74727565	f	f
34	5b33305d	f	f
34	7b226b31223a20317d	f	f
34	5b227330225d	f	f
34	5b302e315d	f	f
35	7b2261223a20317d	f	f
35	7b2261223a20327d	f	f
35	7b2262223a20327d	f	f
35	7b2261223a20312c202262223a20327d	f	f
35	5b315d	f	f
35	5b312c20325d	f	f
35	5b5b315d5d	f	t
35	31	f	f
35	226122	f	f
35	6e756c6c	f	f
35	5b5d	t	f
35	7b7d	f	f
35	7b2261223a207b2262223a207b2263223a205b315d7d7d7d	f	f
35	7b2261223a205b315d7d	f	f
35	5b7b2261223a20317d5d	f	f
35	5b2261222c202262225d	f	f
35	7b22666f6f223a207b22626172223a202262617a227d7d	f	f
35	5b312e355d	f	f
35	5b312e35305d	f	f
35	7b226e6573746564223a207b2278223a207b7d7d7d	f	f
35	5b7b7d5d	f	f
35	74727565	f	f
35	5b33305d	f	f
35	7b226b31223a20317d	f	f
35	5b227330225d	f	f
35	5b302e315d	f	f
36	7b2261223a20317d	f	f
36	7b2261223a20327d	f	f
36	7b2262223a20327d	f	f
36	7b2261223a20312c202262223a20327d	f	f
36	5b315d	f	f
36	5b312c20325d	f	f
36	5b5b315d5d	f	f
36	31	f	f
36	226122	f	f
36	6e756c6c	f	f
36	5b5d	t	f
36	7b7d	f	f
36	7b2261223a207b2262223a207b2263223a205b315d7d7d7d	f	f
36	7b2261223a205b315d7d	f	f
36	5b7b2261223a20317d5d	f	t
36	5b2261222c202262225d	f	f
36	7b22666f6f223a207b22626172223a202262617a227d7d	f	f
36	5b312e355d	f	f
36	5b312e35305d	f	f
36	7b226e6573746564223a207b2278223a207b7d7d7d	f	f
36	5b7b7d5d	t	t
36	74727565	f	f
36	5b33305d	f	f
36	7b226b31223a20317d	f	f
36	5b227330225d	f	f
36	5b302e315d	f	f
37	7b2261223a20317d	f	f
37	7b2261223a20327d	f	f
37	7b2262223a20327d	f	f
37	7b2261223a20312c202262223a20327d	f	f
37	5b315d	t	f
37	5b312c20325d	t	f
37	5b5b315d5d	f	f
37	31	t	f
37	226122	f	f
37	6e756c6c	f	f
37	5b5d	t	f
37	7b7d	f	f
37	7b2261223a207b2262223a207b2263223a205b315d7d7d7d	f	f
37	7b2261223a205b315d7d	f	f
37	5b7b2261223a20317d5d	f	f
37	5b2261222c202262225d	f	f
37	7b22666f6f223a207b22626172223a202262617a227d7d	f	f
37	5b312e355d	f	f
37	5b312e35305d	f	f
37	7b226e6573746564223a207b2278223a207b7d7d7d	f	f
37	5b7b7d5d	f	f
37	74727565	f	f
37	5b33305d	f	f
37	7b226b31223a20317d	f	f
37	5b227330225d	f	f
37	5b302e315d	f	f
38	7b2261223a20317d	f	f
38	7b2261223a20327d	f	f
38	7b2262223a20327d	f	f
38	7b2261223a20312c202262223a20327d	f	f
38	5b315d	f	f
38	5b312c20325d	f	f
38	5b5b315d5d	f	f
38	31	f	f
38	226122	t	f
38	6e756c6c	f	f
38	5b5d	t	f
38	7b7d	f	f
38	7b2261223a207b2262223a207b2263223a205b315d7d7d7d	f	f
38	7b2261223a205b315d7d	f	f
38	5b7b2261223a20317d5d	f	f
38	5b2261222c202262225d	t	f
38	7b22666f6f223a207b22626172223a202262617a227d7d	f	f
38	5b312e355d	f	f
38	5b312e35305d	f	f
38	7b226e6573746564223a207b2278223a207b7d7d7d	f	f
38	5b7b7d5d	f	f
38	74727565	f	f
38	5b33305d	f	f
38	7b226b31223a20317d	f	f
38	5b227330225d	f	f
38	5b302e315d	f	f
39	7b2261223a20317d	f	f
39	7b2261223a20327d	f	f
39	7b2262223a20327d	f	f
39	7b2261223a20312c202262223a20327d	f	f
39	5b315d	t	f
39	5b312c20325d	f	f
39	5b5b315d5d	f	f
39	31	t	f
39	226122	f	f
39	6e756c6c	t	f
39	5b5d	t	f
39	7b7d	f	f
39	7b2261223a207b2262223a207b2263223a205b315d7d7d7d	f	f
39	7b2261223a205b315d7d	f	f
39	5b7b2261223a20317d5d	f	f
39	5b2261222c202262225d	f	f
39	7b22666f6f223a207b22626172223a202262617a227d7d	f	f
39	5b312e355d	f	f
39	5b312e35305d	f	f
39	7b226e6573746564223a207b2278223a207b7d7d7d	f	f
39	5b7b7d5d	f	f
39	74727565	t	f
39	5b33305d	f	f
39	7b226b31223a20317d	f	f
39	5b227330225d	f	f
39	5b302e315d	f	f
40	7b2261223a20317d	f	f
40	7b2261223a20327d	f	f
40	7b2262223a20327d	f	f
40	7b2261223a20312c202262223a20327d	f	f
40	5b315d	f	f
40	5b312c20325d	f	f
40	5b5b315d5d	t	f
40	31	f	f
40	226122	f	f
40	6e756c6c	f	f
40	5b5d	t	f
40	7b7d	f	f
40	7b2261223a207b2262223a207b2263223a205b315d7d7d7d	f	f
40	7b2261223a205b315d7d	f	f
40	5b7b2261223a20317d5d	f	f
40	5b2261222c202262225d	f	f
40	7b22666f6f223a207b22626172223a202262617a227d7d	f	f
40	5b312e355d	f	f
40	5b312e35305d	f	f
40	7b226e6573746564223a207b2278223a207b7d7d7d	f	f
40	5b7b7d5d	f	f
40	74727565	f	f
40	5b33305d	f	f
40	7b226b31223a20317d	f	f
40	5b227330225d	f	f
40	5b302e315d	f	f
41	7b2261223a20317d	f	f
41	7b2261223a20327d	f	f
41	7b2262223a20327d	f	f
41	7b2261223a20312c202262223a20327d	f	f
41	5b315d	t	f
41	5b312c20325d	t	f
41	5b5b315d5d	f	f
41	31	t	f
41	226122	f	f
41	6e756c6c	f	f
41	5b5d	t	f
41	7b7d	f	f
41	7b2261223a207b2262223a207b2263223a205b315d7d7d7d	f	f
41	7b2261223a205b315d7d	f	f
41	5b7b2261223a20317d5d	f	f
41	5b2261222c202262225d	f	f
41	7b22666f6f223a207b22626172223a202262617a227d7d	f	f
41	5b312e355d	f	f
41	5b312e35305d	f	f
41	7b226e6573746564223a207b2278223a207b7d7d7d	f	f
41	5b7b7d5d	f	f
41	74727565	f	f
41	5b33305d	t	f
41	7b226b31223a20317d	f	f
41	5b227330225d	f	f
41	5b302e315d	f	f
42	7b2261223a20317d	f	f
42	7b2261223a20327d	f	f
42	7b2262223a20327d	f	f
42	7b2261223a20312c202262223a20327d	f	f
42	5b315d	f	f
42	5b312c20325d	f	f
42	5b5b315d5d	f	f
42	31	f	f
42	226122	f	f
42	6e756c6c	f	f
42	5b5d	t	f
42	7b7d	f	f
42	7b2261223a207b2262223a207b2263223a205b315d7d7d7d	f	f
42	7b2261223a205b315d7d	f	f
42	5b7b2261223a20317d5d	f	f
42	5b2261222c202262225d	f	f
42	7b22666f6f223a207b22626172223a202262617a227d7d	f	f
42	5b312e355d	f	f
42	5b312e35305d	f	f
42	7b226e6573746564223a207b2278223a207b7d7d7d	f	f
42	5b7b7d5d	f	f
42	74727565	f	f
42	5b33305d	f	f
42	7b226b31223a20317d	f	f
42	5b227330225d	t	f
42	5b302e315d	f	f
43	7b2261223a20317d	f	f
43	7b2261223a20327d	f	f
43	7b2262223a20327d	f	f
43	7b2261223a20312c202262223a20327d	f	f
43	5b315d	f	f
43	5b312c20325d	f	f
43	5b5b315d5d	f	f
43	31	f	f
43	226122	f	f
43	6e756c6c	f	f
43	5b5d	t	f
43	7b7d	f	f
43	7b2261223a207b2262223a207b2263223a205b315d7d7d7d	f	f
43	7b2261223a205b315d7d	f	f
43	5b7b2261223a20317d5d	f	f
43	5b2261222c202262225d	f	f
43	7b22666f6f223a207b22626172223a202262617a227d7d	f	f
43	5b312e355d	f	f
43	5b312e35305d	f	f
43	7b226e6573746564223a207b2278223a207b7d7d7d	f	f
43	5b7b7d5d	f	f
43	74727565	f	f
43	5b33305d	f	f
43	7b226b31223a20317d	f	f
43	5b227330225d	f	f
43	5b302e315d	f	f
44	7b2261223a20317d	t	t
44	7b2261223a20327d	f	f
44	7b2262223a20327d	f	f
44	7b2261223a20312c202262223a20327d	f	t
44	5b315d	f	f
44	5b312c20325d	f	f
44	5b5b315d5d	f	f
44	31	f	f
44	226122	f	f
44	6e756c6c	f	f
44	5b5d	f	f
44	7b7d	t	f
44	7b2261223a207b2262223a207b2263223a205b315d7d7d7d	f	f
44	7b2261223a205b315d7d	f	f
44	5b7b2261223a20317d5d	f	f
44	5b2261222c202262225d	f	f
44	7b22666f6f223a207b22626172223a202262617a227d7d	f	f
44	5b312e355d	f	f
44	5b312e35305d	f	f
44	7b226e6573746564223a207b2278223a207b7d7d7d	f	f
44	5b7b7d5d	f	f
44	74727565	f	f
44	5b33305d	f	f
44	7b226b31223a20317d	f	f
44	5b227330225d	f	f
44	5b302e315d	f	f
45	7b2261223a20317d	f	f
45	7b2261223a20327d	f	f
45	7b2262223a20327d	f	f
45	7b2261223a20312c202262223a20327d	f	f
45	5b315d	f	f
45	5b312c20325d	f	f
45	5b5b315d5d	f	f
45	31	f	f
45	226122	f	f
45	6e756c6c	f	f
45	5b5d	f	f
45	7b7d	t	f
45	7b2261223a207b2262223a207b2263223a205b315d7d7d7d	f	f
45	7b2261223a205b315d7d	f	f
45	5b7b2261223a20317d5d	f	f
45	5b2261222c202262225d	f	f
45	7b22666f6f223a207b22626172223a202262617a227d7d	f	f
45	5b312e355d	f	f
45	5b312e35305d	f	f
45	7b226e6573746564223a207b2278223a207b7d7d7d	f	f
45	5b7b7d5d	f	f
45	74727565	f	f
45	5b33305d	f	f
45	7b226b31223a20317d	f	f
45	5b227330225d	f	f
45	5b302e315d	f	f
46	7b2261223a20317d	f	f
46	7b2261223a20327d	f	f
46	7b2262223a20327d	f	f
46	7b2261223a20312c202262223a20327d	f	f
46	5b315d	f	f
46	5b312c20325d	f	f
46	5b5b315d5d	f	f
46	31	f	f
46	226122	f	f
46	6e756c6c	f	f
46	5b5d	f	f
46	7b7d	t	f
46	7b2261223a207b2262223a207b2263223a205b315d7d7d7d	f	f
46	7b2261223a205b315d7d	f	f
46	5b7b2261223a20317d5d	f	f
46	5b2261222c202262225d	f	f
46	7b22666f6f223a207b22626172223a202262617a227d7d	f	f
46	5b312e355d	f	f
46	5b312e35305d	f	f
46	7b226e6573746564223a207b2278223a207b7d7d7d	f	f
46	5b7b7d5d	f	f
46	74727565	f	f
46	5b33305d	f	f
46	7b226b31223a20317d	f	f
46	5b227330225d	f	f
46	5b302e315d	f	f
47	7b2261223a20317d	t	f
47	7b2261223a20327d	f	f
47	7b2262223a20327d	t	f
47	7b2261223a20312c202262223a20327d	t	t
47	5b315d	f	f
47	5b312c20325d	f	f
47	5b5b315d5d	f	f
47	31	f	f
47	226122	f	f
47	6e756c6c	f	f
47	5b5d	f	f
47	7b7d	t	f
47	7b2261223a207b2262223a207b2263223a205b315d7d7d7d	f	f
47	7b2261223a205b315d7d	f	f
47	5b7b2261223a20317d5d	f	f
47	5b2261222c202262225d	f	f
47	7b22666f6f223a207b22626172223a202262617a227d7d	f	f
47	5b312e355d	f	f
47	5b312e35305d	f	f
47	7b226e6573746564223a207b2278223a207b7d7d7d	f	f
47	5b7b7d5d	f	f
47	74727565	f	f
47	5b33305d	f	f
47	7b226b31223a20317d	f	f
47	5b227330225d	f	f
47	5b302e315d	f	f
48	7b2261223a20317d	t	f
48	7b2261223a20327d	f	f
48	7b2262223a20327d	t	f
48	7b2261223a20312c202262223a20327d	t	t
48	5b315d	f	f
48	5b312c20325d	f	f
48	5b5b315d5d	f	f
48	31	f	f
48	226122	f	f
48	6e756c6c	f	f
48	5b5d	f	f
48	7b7d	t	f
48	7b2261223a207b2262223a207b2263223a205b315d7d7d7d	f	f
48	7b2261223a205b315d7d	f	f
48	5b7b2261223a20317d5d	f	f
48	5b2261222c202262225d	f	f
48	7b22666f6f223a207b22626172223a202262617a227d7d	f	f
48	5b312e355d	f	f
48	5b312e35305d	f	f
48	7b226e6573746564223a207b2278223a207b7d7d7d	f	f
48	5b7b7d5d	f	f
48	74727565	f	f
48	5b33305d	f	f
48	7b226b31223a20317d	f	f
48	5b227330225d	f	f
48	5b302e315d	f	f
49	7b2261223a20317d	f	f
49	7b2261223a20327d	t	t
49	7b2262223a20327d	f	f
49	7b2261223a20312c202262223a20327d	f	f
49	5b315d	f	f
49	5b312c20325d	f	f
49	5b5b315d5d	f	f
49	31	f	f
49	226122	f	f
49	6e756c6c	f	f
49	5b5d	f	f
49	7b7d	t	f
49	7b2261223a207b2262223a207b2263223a205b315d7d7d7d	f	f
49	7b2261223a205b315d7d	f	f
49	5b7b2261223a20317d5d	f	f
49	5b2261222c202262225d	f	f
49	7b22666f6f223a207b22626172223a202262617a227d7d	f	f
49	5b312e355d	f	f
49	5b312e35305d	f	f
49	7b226e6573746564223a207b2278223a207b7d7d7d	f	f
49	5b7b7d5d	f	f
49	74727565	f	f
49	5b33305d	f	f
49	7b226b31223a20317d	f	f
49	5b227330225d	f	f
49	5b302e315d	f	f
50	7b2261223a20317d	f	f
50	7b2261223a20327d	f	f
50	7b2262223a20327d	f	f
50	7b2261223a20312c202262223a20327d	f	f
50	5b315d	f	f
50	5b312c20325d	f	f
50	5b5b315d5d	f	f
50	31	f	f
50	226122	f	f
50	6e756c6c	f	f
50	5b5d	f	f
50	7b7d	t	f
50	7b2261223a207b2262223a207b2263223a205b315d7d7d7d	f	f
50	7b2261223a205b315d7d	f	f
50	5b7b2261223a20317d5d	f	f
50	5b2261222c202262225d	f	f
50	7b22666f6f223a207b22626172223a202262617a227d7d	f	f
50	5b312e355d	f	f
50	5b312e35305d	f	f
50	7b226e6573746564223a207b2278223a207b7d7d7d	f	f
50	5b7b7d5d	f	f
50	74727565	f	f
50	5b33305d	f	f
50	7b226b31223a20317d	f	f
50	5b227330225d	f	f
50	5b302e315d	f	f
51	7b2261223a20317d	f	f
51	7b2261223a20327d	f	f
51	7b2262223a20327d	t	f
51	7b2261223a20312c202262223a20327d	f	f
51	5b315d	f	f
51	5b312c20325d	f	f
51	5b5b315d5d	f	f
51	31	f	f
51	226122	f	f
51	6e756c6c	f	f
51	5b5d	f	f
51	7b7d	t	f
51	7b2261223a207b2262223a207b2263223a205b315d7d7d7d	f	f
51	7b2261223a205b315d7d	f	f
51	5b7b2261223a20317d5d	f	f
51	5b2261222c202262225d	f	f
51	7b22666f6f223a207b22626172223a202262617a227d7d	f	f
51	5b312e355d	f	f
51	5b312e35305d	f	f
51	7b226e6573746564223a207b2278223a207b7d7d7d	f	f
51	5b7b7d5d	f	f
51	74727565	f	f
51	5b33305d	f	f
51	7b226b31223a20317d	f	f
51	5b227330225d	f	f
51	5b302e315d	f	f
52	7b2261223a20317d	f	f
52	7b2261223a20327d	f	f
52	7b2262223a20327d	f	f
52	7b2261223a20312c202262223a20327d	f	f
52	5b315d	f	f
52	5b312c20325d	f	f
52	5b5b315d5d	f	f
52	31	f	f
52	226122	f	f
52	6e756c6c	f	f
52	5b5d	f	f
52	7b7d	t	f
52	7b2261223a207b2262223a207b2263223a205b315d7d7d7d	f	f
52	7b2261223a205b315d7d	f	f
52	5b7b2261223a20317d5d	f	f
52	5b2261222c202262225d	f	f
52	7b22666f6f223a207b22626172223a202262617a227d7d	f	f
52	5b312e355d	f	f
52	5b312e35305d	f	f
52	7b226e6573746564223a207b2278223a207b7d7d7d	t	f
52	5b7b7d5d	f	f
52	74727565	f	f
52	5b33305d	f	f
52	7b226b31223a20317d	f	f
52	5b227330225d	f	f
52	5b302e315d	f	f
53	7b2261223a20317d	f	f
53	7b2261223a20327d	f	f
53	7b2262223a20327d	f	f
53	7b2261223a20312c202262223a20327d	f	f
53	5b315d	f	f
53	5b312c20325d	f	f
53	5b5b315d5d	f	f
53	31	f	f
53	226122	f	f
53	6e756c6c	f	f
53	5b5d	f	f
53	7b7d	t	f
53	7b2261223a207b2262223a207b2263223a205b315d7d7d7d	t	f
53	7b2261223a205b315d7d	f	f
53	5b7b2261223a20317d5d	f	f
53	5b2261222c202262225d	f	f
53	7b22666f6f223a207b22626172223a202262617a227d7d	f	f
53	5b312e355d	f	f
53	5b312e35305d	f	f
53	7b226e6573746564223a207b2278223a207b7d7d7d	f	f
53	5b7b7d5d	f	f
53	74727565	f	f
53	5b33305d	f	f
53	7b226b31223a20317d	f	f
53	5b227330225d	f	f
53	5b302e315d	f	f
54	7b2261223a20317d	f	f
54	7b2261223a20327d	f	f
54	7b2262223a20327d	f	f
54	7b2261223a20312c202262223a20327d	f	f
54	5b315d	f	f
54	5b312c20325d	f	f
54	5b5b315d5d	f	f
54	31	f	f
54	226122	f	f
54	6e756c6c	f	f
54	5b5d	f	f
54	7b7d	t	f
54	7b2261223a207b2262223a207b2263223a205b315d7d7d7d	f	f
54	7b2261223a205b315d7d	f	f
54	5b7b2261223a20317d5d	f	f
54	5b2261222c202262225d	f	f
54	7b22666f6f223a207b22626172223a202262617a227d7d	f	f
54	5b312e355d	f	f
54	5b312e35305d	f	f
54	7b226e6573746564223a207b2278223a207b7d7d7d	f	f
54	5b7b7d5d	f	f
54	74727565	f	f
54	5b33305d	f	f
54	7b226b31223a20317d	f	f
54	5b227330225d	f	f
54	5b302e315d	f	f
55	7b2261223a20317d	f	f
55	7b2261223a20327d	f	f
55	7b2262223a20327d	f	f
55	7b2261223a20312c202262223a20327d	f	f
55	5b315d	f	f
55	5b312c20325d	f	f
55	5b5b315d5d	f	f
55	31	f	f
55	226122	f	f
55	6e756c6c	f	f
55	5b5d	f	f
55	7b7d	t	f
55	7b2261223a207b2262223a207b2263223a205b315d7d7d7d	f	f
55	7b2261223a205b315d7d	f	f
55	5b7b2261223a20317d5d	f	f
55	5b2261222c202262225d	f	f
55	7b22666f6f223a207b22626172223a202262617a227d7d	f	f
55	5b312e355d	f	f
55	5b312e35305d	f	f
55	7b226e6573746564223a207b2278223a207b7d7d7d	f	f
55	5b7b7d5d	f	f
55	74727565	f	f
55	5b33305d	f	f
55	7b226b31223a20317d	t	f
55	5b227330225d	f	f
55	5b302e315d	f	f
56	7b2261223a20317d	f	f
56	7b2261223a20327d	f	f
56	7b2262223a20327d	f	f
56	7b2261223a20312c202262223a20327d	f	f
56	5b315d	f	f
56	5b312c20325d	f	f
56	5b5b315d5d	f	f
56	31	f	f
56	226122	f	f
56	6e756c6c	f	f
56	5b5d	f	f
56	7b7d	t	f
56	7b2261223a207b2262223a207b2263223a205b315d7d7d7d	f	f
56	7b2261223a205b315d7d	f	f
56	5b7b2261223a20317d5d	f	f
56	5b2261222c202262225d	f	f
56	7b22666f6f223a207b22626172223a202262617a227d7d	f	f
56	5b312e355d	f	f
56	5b312e35305d	f	f
56	7b226e6573746564223a207b2278223a207b7d7d7d	f	f
56	5b7b7d5d	f	f
56	74727565	f	f
56	5b33305d	f	f
56	7b226b31223a20317d	f	f
56	5b227330225d	f	f
56	5b302e315d	f	f
57	7b2261223a20317d	f	f
57	7b2261223a20327d	f	f
57	7b2262223a20327d	f	f
57	7b2261223a20312c202262223a20327d	f	f
57	5b315d	f	f
57	5b312c20325d	f	f
57	5b5b315d5d	f	f
57	31	f	f
57	226122	f	f
57	6e756c6c	f	f
57	5b5d	f	f
57	7b7d	t	f
57	7b2261223a207b2262223a207b2263223a205b315d7d7d7d	f	f
57	7b2261223a205b315d7d	f	f
57	5b7b2261223a20317d5d	f	f
57	5b2261222c202262225d	f	f
57	7b22666f6f223a207b22626172223a202262617a227d7d	f	f
57	5b312e355d	f	f
57	5b312e35305d	f	f
57	7b226e6573746564223a207b2278223a207b7d7d7d	f	f
57	5b7b7d5d	f	f
57	74727565	f	f
57	5b33305d	f	f
57	7b226b31223a20317d	f	f
57	5b227330225d	f	f
57	5b302e315d	f	f
58	7b2261223a20317d	f	f
58	7b2261223a20327d	f	f
58	7b2262223a20327d	f	f
58	7b2261223a20312c202262223a20327d	f	f
58	5b315d	f	f
58	5b312c20325d	f	f
58	5b5b315d5d	f	f
58	31	f	f
58	226122	f	f
58	6e756c6c	f	f
58	5b5d	f	f
58	7b7d	t	f
58	7b2261223a207b2262223a207b2263223a205b315d7d7d7d	f	f
58	7b2261223a205b315d7d	f	f
58	5b7b2261223a20317d5d	f	f
58	5b2261222c202262225d	f	f
58	7b22666f6f223a207b22626172223a202262617a227d7d	f	f
58	5b312e355d	f	f
58	5b312e35305d	f	f
58	7b226e6573746564223a207b2278223a207b7d7d7d	f	f
58	5b7b7d5d	f	f
58	74727565	f	f
58	5b33305d	f	f
58	7b226b31223a20317d	f	f
58	5b227330225d	f	f
58	5b302e315d	f	f
59	7b2261223a20317d	f	f
59	7b2261223a20327d	f	f
59	7b2262223a20327d	f	f
59	7b2261223a20312c202262223a20327d	f	f
59	5b315d	f	f
59	5b312c20325d	f	f
59	5b5b315d5d	f	f
59	31	f	f
59	226122	f	f
59	6e756c6c	f	f
59	5b5d	f	f
59	7b7d	t	f
59	7b2261223a207b2262223a207b2263223a205b315d7d7d7d	f	f
59	7b2261223a205b315d7d	f	f
59	5b7b2261223a20317d5d	f	f
59	5b2261222c202262225d	f	f
59	7b22666f6f223a207b22626172223a202262617a227d7d	f	f
59	5b312e355d	f	f
59	5b312e35305d	f	f
59	7b226e6573746564223a207b2278223a207b7d7d7d	f	f
59	5b7b7d5d	f	f
59	74727565	f	f
59	5b33305d	f	f
59	7b226b31223a20317d	f	f
59	5b227330225d	f	f
59	5b302e315d	f	f
60	7b2261223a20317d	f	f
60	7b2261223a20327d	f	f
60	7b2262223a20327d	f	f
60	7b2261223a20312c202262223a20327d	f	f
60	5b315d	f	f
60	5b312c20325d	f	f
60	5b5b315d5d	f	f
60	31	f	f
60	226122	f	f
60	6e756c6c	f	f
60	5b5d	f	f
60	7b7d	t	f
60	7b2261223a207b2262223a207b2263223a205b315d7d7d7d	f	f
60	7b2261223a205b315d7d	f	f
60	5b7b2261223a20317d5d	f	f
60	5b2261222c202262225d	f	f
60	7b22666f6f223a207b22626172223a202262617a227d7d	f	f
60	5b312e355d	f	f
60	5b312e35305d	f	f
60	7b226e6573746564223a207b2278223a207b7d7d7d	f	f
60	5b7b7d5d	f	f
60	74727565	f	f
60	5b33305d	f	f
60	7b226b31223a20317d	f	f
60	5b227330225d	f	f
60	5b302e315d	f	f
61	7b2261223a20317d	f	f
61	7b2261223a20327d	f	f
61	7b2262223a20327d	f	f
61	7b2261223a20312c202262223a20327d	f	f
61	5b315d	f	f
61	5b312c20325d	f	f
61	5b5b315d5d	f	f
61	31	f	f
61	226122	f	f
61	6e756c6c	f	f
61	5b5d	t	f
61	7b7d	f	f
61	7b2261223a207b2262223a207b2263223a205b315d7d7d7d	f	f
61	7b2261223a205b315d7d	f	f
61	5b7b2261223a20317d5d	t	f
61	5b2261222c202262225d	f	f
61	7b22666f6f223a207b22626172223a202262617a227d7d	f	f
61	5b312e355d	f	f
61	5b312e35305d	f	f
61	7b226e6573746564223a207b2278223a207b7d7d7d	f	f
61	5b7b7d5d	t	f
61	74727565	f	f
61	5b33305d	f	f
61	7b226b31223a20317d	f	f
61	5b227330225d	f	f
61	5b302e315d	f	f
62	7b2261223a20317d	f	f
62	7b2261223a20327d	f	f
62	7b2262223a20327d	f	f
62	7b2261223a20312c202262223a20327d	f	f
62	5b315d	f	f
62	5b312c20325d	f	f
62	5b5b315d5d	f	f
62	31	f	f
62	226122	f	f
62	6e756c6c	f	f
62	5b5d	f	f
62	7b7d	t	f
62	7b2261223a207b2262223a207b2263223a205b315d7d7d7d	f	f
62	7b2261223a205b315d7d	t	f
62	5b7b2261223a20317d5d	f	f
62	5b2261222c202262225d	f	f
62	7b22666f6f223a207b22626172223a202262617a227d7d	f	f
62	5b312e355d	f	f
62	5b312e35305d	f	f
62	7b226e6573746564223a207b2278223a207b7d7d7d	f	f
62	5b7b7d5d	f	f
62	74727565	f	f
62	5b33305d	f	f
62	7b226b31223a20317d	f	f
62	5b227330225d	f	f
62	5b302e315d	f	f
63	7b2261223a20317d	f	f
63	7b2261223a20327d	f	f
63	7b2262223a20327d	f	f
63	7b2261223a20312c202262223a20327d	f	f
63	5b315d	f	f
63	5b312c20325d	f	f
63	5b5b315d5d	f	f
63	31	f	f
63	226122	f	f
63	6e756c6c	t	f
63	5b5d	t	f
63	7b7d	f	f
63	7b2261223a207b2262223a207b2263223a205b315d7d7d7d	f	f
63	7b2261223a205b315d7d	f	f
63	5b7b2261223a20317d5d	f	f
63	5b2261222c202262225d	f	f
63	7b22666f6f223a207b22626172223a202262617a227d7d	f	f
63	5b312e355d	t	f
63	5b312e35305d	t	f
63	7b226e6573746564223a207b2278223a207b7d7d7d	f	f
63	5b7b7d5d	f	f
63	74727565	t	f
63	5b33305d	f	f
63	7b226b31223a20317d	f	f
63	5b227330225d	f	f
63	5b302e315d	f	f
64	7b2261223a20317d	f	f
64	7b2261223a20327d	f	f
64	7b2262223a20327d	f	f
64	7b2261223a20312c202262223a20327d	f	f
64	5b315d	f	f
64	5b312c20325d	f	f
64	5b5b315d5d	f	f
64	31	f	f
64	226122	f	f
64	6e756c6c	f	f
64	5b5d	f	f
64	7b7d	t	f
64	7b2261223a207b2262223a207b2263223a205b315d7d7d7d	f	f
64	7b2261223a205b315d7d	f	f
64	5b7b2261223a20317d5d	f	f
64	5b2261222c202262225d	f	f
64	7b22666f6f223a207b22626172223a202262617a227d7d	t	t
64	5b312e355d	f	f
64	5b312e35305d	f	f
64	7b226e6573746564223a207b2278223a207b7d7d7d	f	f
64	5b7b7d5d	f	f
64	74727565	f	f
64	5b33305d	f	f
64	7b226b31223a20317d	f	f
64	5b227330225d	f	f
64	5b302e315d	f	f
65	7b2261223a20317d	f	f
65	7b2261223a20327d	f	f
65	7b2262223a20327d	f	f
65	7b2261223a20312c202262223a20327d	f	f
65	5b315d	f	f
65	5b312c20325d	f	f
65	5b5b315d5d	f	f
65	31	f	f
65	226122	f	f
65	6e756c6c	f	f
65	5b5d	f	f
65	7b7d	t	f
65	7b2261223a207b2262223a207b2263223a205b315d7d7d7d	f	f
65	7b2261223a205b315d7d	f	f
65	5b7b2261223a20317d5d	f	f
65	5b2261222c202262225d	f	f
65	7b22666f6f223a207b22626172223a202262617a227d7d	f	f
65	5b312e355d	f	f
65	5b312e35305d	f	f
65	7b226e6573746564223a207b2278223a207b7d7d7d	f	f
65	5b7b7d5d	f	f
65	74727565	f	f
65	5b33305d	f	f
65	7b226b31223a20317d	f	f
65	5b227330225d	f	f
65	5b302e315d	f	f
66	7b2261223a20317d	f	f
66	7b2261223a20327d	f	f
66	7b2262223a20327d	f	f
66	7b2261223a20312c202262223a20327d	f	f
66	5b315d	f	f
66	5b312c20325d	f	f
66	5b5b315d5d	f	f
66	31	f	f
66	226122	f	f
66	6e756c6c	f	f
66	5b5d	t	f
66	7b7d	f	f
66	7b2261223a207b2262223a207b2263223a205b315d7d7d7d	f	f
66	7b2261223a205b315d7d	f	f
66	5b7b2261223a20317d5d	f	f
66	5b2261222c202262225d	f	f
66	7b22666f6f223a207b22626172223a202262617a227d7d	f	f
66	5b312e355d	f	f
66	5b312e35305d	f	f
66	7b226e6573746564223a207b2278223a207b7d7d7d	f	f
66	5b7b7d5d	f	f
66	74727565	f	f
66	5b33305d	f	f
66	7b226b31223a20317d	f	f
66	5b227330225d	f	f
66	5b302e315d	f	f
67	7b2261223a20317d	f	f
67	7b2261223a20327d	f	f
67	7b2262223a20327d	f	f
67	7b2261223a20312c202262223a20327d	f	f
67	5b315d	f	f
67	5b312c20325d	f	f
67	5b5b315d5d	f	f
67	31	f	f
67	226122	f	f
67	6e756c6c	f	f
67	5b5d	t	f
67	7b7d	f	f
67	7b2261223a207b2262223a207b2263223a205b315d7d7d7d	f	f
67	7b2261223a205b315d7d	f	f
67	5b7b2261223a20317d5d	f	f
67	5b2261222c202262225d	f	f
67	7b22666f6f223a207b22626172223a202262617a227d7d	f	f
67	5b312e355d	f	f
67	5b312e35305d	f	f
67	7b226e6573746564223a207b2278223a207b7d7d7d	f	f
67	5b7b7d5d	f	f
67	74727565	f	f
67	5b33305d	f	f
67	7b226b31223a20317d	f	f
67	5b227330225d	f	f
67	5b302e315d	f	f
68	7b2261223a20317d	f	f
68	7b2261223a20327d	f	f
68	7b2262223a20327d	f	f
68	7b2261223a20312c202262223a20327d	f	f
68	5b315d	f	f
68	5b312c20325d	f	f
68	5b5b315d5d	f	f
68	31	f	f
68	226122	f	f
68	6e756c6c	f	f
68	5b5d	f	f
68	7b7d	t	f
68	7b2261223a207b2262223a207b2263223a205b315d7d7d7d	f	f
68	7b2261223a205b315d7d	f	f
68	5b7b2261223a20317d5d	f	f
68	5b2261222c202262225d	f	f
68	7b22666f6f223a207b22626172223a202262617a227d7d	f	f
68	5b312e355d	f	f
68	5b312e35305d	f	f
68	7b226e6573746564223a207b2278223a207b7d7d7d	f	f
68	5b7b7d5d	f	f
68	74727565	f	f
68	5b33305d	f	f
68	7b226b31223a20317d	f	f
68	5b227330225d	f	f
68	5b302e315d	f	f
69	7b2261223a20317d	f	f
69	7b2261223a20327d	f	f
69	7b2262223a20327d	f	f
69	7b2261223a20312c202262223a20327d	f	f
69	5b315d	f	f
69	5b312c20325d	f	f
69	5b5b315d5d	f	f
69	31	f	f
69	226122	f	f
69	6e756c6c	f	f
69	5b5d	t	f
69	7b7d	f	f
69	7b2261223a207b2262223a207b2263223a205b315d7d7d7d	f	f
69	7b2261223a205b315d7d	f	f
69	5b7b2261223a20317d5d	f	f
69	5b2261222c202262225d	f	f
69	7b22666f6f223a207b22626172223a202262617a227d7d	f	f
69	5b312e355d	f	f
69	5b312e35305d	f	f
69	7b226e6573746564223a207b2278223a207b7d7d7d	f	f
69	5b7b7d5d	t	f
69	74727565	f	f
69	5b33305d	f	f
69	7b226b31223a20317d	f	f
69	5b227330225d	f	f
69	5b302e315d	f	f
70	7b2261223a20317d	f	f
70	7b2261223a20327d	f	f
70	7b2262223a20327d	f	f
70	7b2261223a20312c202262223a20327d	f	f
70	5b315d	f	f
70	5b312c20325d	f	f
70	5b5b315d5d	f	f
70	31	f	f
70	226122	f	f
70	6e756c6c	f	f
70	5b5d	f	f
70	7b7d	t	f
70	7b2261223a207b2262223a207b2263223a205b315d7d7d7d	f	f
70	7b2261223a205b315d7d	f	f
70	5b7b2261223a20317d5d	f	f
70	5b2261222c202262225d	f	f
70	7b22666f6f223a207b22626172223a202262617a227d7d	f	f
70	5b312e355d	f	f
70	5b312e35305d	f	f
70	7b226e6573746564223a207b2278223a207b7d7d7d	f	f
70	5b7b7d5d	f	f
70	74727565	f	f
70	5b33305d	f	f
70	7b226b31223a20317d	f	f
70	5b227330225d	f	f
70	5b302e315d	f	f
71	7b2261223a20317d	f	f
71	7b2261223a20327d	f	f
71	7b2262223a20327d	f	f
71	7b2261223a20312c202262223a20327d	f	f
71	5b315d	f	f
71	5b312c20325d	f	f
71	5b5b315d5d	f	f
71	31	f	f
71	226122	f	f
71	6e756c6c	f	f
71	5b5d	f	f
71	7b7d	f	f
71	7b2261223a207b2262223a207b2263223a205b315d7d7d7d	f	f
71	7b2261223a205b315d7d	f	f
71	5b7b2261223a20317d5d	f	f
71	5b2261222c202262225d	f	f
71	7b22666f6f223a207b22626172223a202262617a227d7d	f	f
71	5b312e355d	f	f
71	5b312e35305d	f	f
71	7b226e6573746564223a207b2278223a207b7d7d7d	f	f
71	5b7b7d5d	f	f
71	74727565	f	f
71	5b33305d	f	f
71	7b226b31223a20317d	f	f
71	5b227330225d	f	f
71	5b302e315d	f	f
72	7b2261223a20317d	f	f
72	7b2261223a20327d	f	f
72	7b2262223a20327d	f	f
72	7b2261223a20312c202262223a20327d	f	f
72	5b315d	f	f
72	5b312c20325d	f	f
72	5b5b315d5d	f	f
72	31	f	f
72	226122	f	f
72	6e756c6c	f	f
72	5b5d	f	f
72	7b7d	f	f
72	7b2261223a207b2262223a207b2263223a205b315d7d7d7d	f	f
72	7b2261223a205b315d7d	f	f
72	5b7b2261223a20317d5d	f	f
72	5b2261222c202262225d	f	f
72	7b22666f6f223a207b22626172223a202262617a227d7d	f	f
72	5b312e355d	f	f
72	5b312e35305d	f	f
72	7b226e6573746564223a207b2278223a207b7d7d7d	f	f
72	5b7b7d5d	f	f
72	74727565	f	f
72	5b33305d	f	f
72	7b226b31223a20317d	f	f
72	5b227330225d	f	f
72	5b302e315d	f	f
73	7b2261223a20317d	f	f
73	7b2261223a20327d	f	f
73	7b2262223a20327d	f	f
73	7b2261223a20312c202262223a20327d	f	f
73	5b315d	f	f
73	5b312c20325d	f	f
73	5b5b315d5d	f	f
73	31	f	f
73	226122	f	f
73	6e756c6c	f	f
73	5b5d	f	f
73	7b7d	f	f
73	7b2261223a207b2262223a207b2263223a205b315d7d7d7d	f	f
73	7b2261223a205b315d7d	f	f
73	5b7b2261223a20317d5d	f	f
73	5b2261222c202262225d	f	f
73	7b22666f6f223a207b22626172223a202262617a227d7d	f	f
73	5b312e355d	f	f
73	5b312e35305d	f	f
73	7b226e6573746564223a207b2278223a207b7d7d7d	f	f
73	5b7b7d5d	f	f
73	74727565	f	f
73	5b33305d	f	f
73	7b226b31223a20317d	f	f
73	5b227330225d	f	f
73	5b302e315d	f	f
74	7b2261223a20317d	f	f
74	7b2261223a20327d	f	f
74	7b2262223a20327d	f	f
74	7b2261223a20312c202262223a20327d	f	f
74	5b315d	f	f
74	5b312c20325d	f	f
74	5b5b315d5d	f	f
74	31	f	f
74	226122	f	f
74	6e756c6c	f	f
74	5b5d	f	f
74	7b7d	f	f
74	7b2261223a207b2262223a207b2263223a205b315d7d7d7d	f	f
74	7b2261223a205b315d7d	f	f
74	5b7b2261223a20317d5d	f	f
74	5b2261222c202262225d	f	f
74	7b22666f6f223a207b22626172223a202262617a227d7d	f	f
74	5b312e355d	f	f
74	5b312e35305d	f	f
74	7b226e6573746564223a207b2278223a207b7d7d7d	f	f
74	5b7b7d5d	f	f
74	74727565	f	f
74	5b33305d	f	f
74	7b226b31223a20317d	f	f
74	5b227330225d	f	f
74	5b302e315d	f	f
75	7b2261223a20317d	f	f
75	7b2261223a20327d	f	f
75	7b2262223a20327d	f	f
75	7b2261223a20312c202262223a20327d	f	f
75	5b315d	f	f
75	5b312c20325d	f	f
75	5b5b315d5d	f	f
75	31	f	f
75	226122	f	f
75	6e756c6c	f	f
75	5b5d	f	f
75	7b7d	t	f
75	7b2261223a207b2262223a207b2263223a205b315d7d7d7d	f	f
75	7b2261223a205b315d7d	f	f
75	5b7b2261223a20317d5d	f	f
75	5b2261222c202262225d	f	f
75	7b22666f6f223a207b22626172223a202262617a227d7d	f	f
75	5b312e355d	f	f
75	5b312e35305d	f	f
75	7b226e6573746564223a207b2278223a207b7d7d7d	f	f
75	5b7b7d5d	f	f
75	74727565	f	f
75	5b33305d	f	f
75	7b226b31223a20317d	f	f
75	5b227330225d	f	f
75	5b302e315d	f	f
76	7b2261223a20317d	f	f
76	7b2261223a20327d	f	f
76	7b2262223a20327d	f	f
76	7b2261223a20312c202262223a20327d	f	f
76	5b315d	f	f
76	5b312c20325d	f	f
76	5b5b315d5d	f	f
76	31	f	f
76	226122	f	f
76	6e756c6c	f	f
76	5b5d	t	f
76	7b7d	f	f
76	7b2261223a207b2262223a207b2263223a205b315d7d7d7d	f	f
76	7b2261223a205b315d7d	f	f
76	5b7b2261223a20317d5d	f	f
76	5b2261222c202262225d	f	f
76	7b22666f6f223a207b22626172223a202262617a227d7d	f	f
76	5b312e355d	f	f
76	5b312e35305d	f	f
76	7b226e6573746564223a207b2278223a207b7d7d7d	f	f
76	5b7b7d5d	f	f
76	74727565	f	f
76	5b33305d	f	f
76	7b226b31223a20317d	f	f
76	5b227330225d	f	f
76	5b302e315d	f	f
77	7b2261223a20317d	f	f
77	7b2261223a20327d	f	f
77	7b2262223a20327d	f	f
77	7b2261223a20312c202262223a20327d	f	f
77	5b315d	f	f
77	5b312c20325d	f	f
77	5b5b315d5d	f	f
77	31	f	f
77	226122	f	f
77	6e756c6c	f	f
77	5b5d	f	f
77	7b7d	f	f
77	7b2261223a207b2262223a207b2263223a205b315d7d7d7d	f	f
77	7b2261223a205b315d7d	f	f
77	5b7b2261223a20317d5d	f	f
77	5b2261222c202262225d	f	f
77	7b22666f6f223a207b22626172223a202262617a227d7d	f	f
77	5b312e355d	f	f
77	5b312e35305d	f	f
77	7b226e6573746564223a207b2278223a207b7d7d7d	f	f
77	5b7b7d5d	f	f
77	74727565	f	f
77	5b33305d	f	f
77	7b226b31223a20317d	f	f
77	5b227330225d	f	f
77	5b302e315d	f	f
78	7b2261223a20317d	f	f
78	7b2261223a20327d	f	f
78	7b2262223a20327d	f	f
78	7b2261223a20312c202262223a20327d	f	f
78	5b315d	f	f
78	5b312c20325d	f	f
78	5b5b315d5d	f	f
78	31	f	f
78	226122	f	f
78	6e756c6c	f	f
78	5b5d	f	f
78	7b7d	t	f
78	7b2261223a207b2262223a207b2263223a205b315d7d7d7d	f	f
78	7b2261223a205b315d7d	f	f
78	5b7b2261223a20317d5d	f	f
78	5b2261222c202262225d	f	f
78	7b22666f6f223a207b22626172223a202262617a227d7d	f	f
78	5b312e355d	f	f
78	5b312e35305d	f	f
78	7b226e6573746564223a207b2278223a207b7d7d7d	f	f
78	5b7b7d5d	f	f
78	74727565	f	f
78	5b33305d	f	f
78	7b226b31223a20317d	f	f
78	5b227330225d	f	f
78	5b302e315d	f	f
79	7b2261223a20317d	f	f
79	7b2261223a20327d	f	f
79	7b2262223a20327d	f	f
79	7b2261223a20312c202262223a20327d	f	f
79	5b315d	f	f
79	5b312c20325d	f	f
79	5b5b315d5d	f	f
79	31	f	f
79	226122	f	f
79	6e756c6c	f	f
79	5b5d	f	f
79	7b7d	t	f
79	7b2261223a207b2262223a207b2263223a205b315d7d7d7d	f	f
79	7b2261223a205b315d7d	f	f
79	5b7b2261223a20317d5d	f	f
79	5b2261222c202262225d	f	f
79	7b22666f6f223a207b22626172223a202262617a227d7d	f	f
79	5b312e355d	f	f
79	5b312e35305d	f	f
79	7b226e6573746564223a207b2278223a207b7d7d7d	f	f
79	5b7b7d5d	f	f
79	74727565	f	f
79	5b33305d	f	f
79	7b226b31223a20317d	f	f
79	5b227330225d	f	f
79	5b302e315d	f	f
80	7b2261223a20317d	f	f
80	7b2261223a20327d	f	f
80	7b2262223a20327d	f	f
80	7b2261223a20312c202262223a20327d	f	f
80	5b315d	f	f
80	5b312c20325d	f	f
80	5b5b315d5d	f	f
80	31	f	f
80	226122	f	f
80	6e756c6c	f	f
80	5b5d	t	f
80	7b7d	f	f
80	7b2261223a207b2262223a207b2263223a205b315d7d7d7d	f	f
80	7b2261223a205b315d7d	f	f
80	5b7b2261223a20317d5d	f	f
80	5b2261222c202262225d	f	f
80	7b22666f6f223a207b22626172223a202262617a227d7d	f	f
80	5b312e355d	f	f
80	5b312e35305d	f	f
80	7b226e6573746564223a207b2278223a207b7d7d7d	f	f
80	5b7b7d5d	f	f
80	74727565	f	f
80	5b33305d	f	f
80	7b226b31223a20317d	f	f
80	5b227330225d	f	f
80	5b302e315d	f	f
