typcache-inst	proofs::eq_range_eq_int4range	
typcache-inst	proofs::eq_range_ne_int4range	
typcache-inst	proofs::eq_range_contains_int4range	
typcache-inst	proofs::eq_range_contained_by_int4range	
typcache-inst	proofs::eq_range_before_int4range	
typcache-inst	proofs::eq_range_after_int4range	
typcache-inst	proofs::eq_range_overlaps_int4range	
typcache-inst	proofs::eq_range_cmp_int4range	
typcache-inst	proofs::eq_range_lt_int4range	
typcache-inst	proofs::eq_range_le_int4range	
typcache-inst	proofs::eq_range_ge_int4range	
typcache-inst	proofs::eq_range_gt_int4range	
typcache-inst	proofs::eq_range_empty_int4range	
typcache-inst	proofs::eq_range_contains_elem_int4range	
typcache-inst	proofs::eq_range_eq_int8range	
typcache-inst	proofs::eq_range_ne_int8range	
typcache-inst	proofs::eq_range_contains_int8range	
typcache-inst	proofs::eq_range_contained_by_int8range	
typcache-inst	proofs::eq_range_before_int8range	
typcache-inst	proofs::eq_range_after_int8range	
typcache-inst	proofs::eq_range_overlaps_int8range	
typcache-inst	proofs::eq_range_cmp_int8range	
typcache-inst	proofs::eq_range_lt_int8range	
typcache-inst	proofs::eq_range_le_int8range	
typcache-inst	proofs::eq_range_ge_int8range	
typcache-inst	proofs::eq_range_gt_int8range	
typcache-inst	proofs::eq_range_empty_int8range	
typcache-inst	proofs::eq_range_contains_elem_int8range	
typcache-inst	proofs::eq_range_eq_daterange	
typcache-inst	proofs::eq_range_ne_daterange	
typcache-inst	proofs::eq_range_contains_daterange	
typcache-inst	proofs::eq_range_contained_by_daterange	
typcache-inst	proofs::eq_range_before_daterange	
typcache-inst	proofs::eq_range_after_daterange	
typcache-inst	proofs::eq_range_overlaps_daterange	
typcache-inst	proofs::eq_range_cmp_daterange	
typcache-inst	proofs::eq_range_lt_daterange	
typcache-inst	proofs::eq_range_le_daterange	
typcache-inst	proofs::eq_range_ge_daterange	
typcache-inst	proofs::eq_range_gt_daterange	
typcache-inst	proofs::eq_range_empty_daterange	
typcache-inst	proofs::eq_range_contains_elem_daterange	
typcache-inst	proofs::eq_elem_contained_by_int4range	
typcache-inst	proofs::eq_elem_contained_by_int8range	
typcache-inst	proofs::eq_elem_contained_by_daterange	
